imName,pairNum,imNum,objectCategory,imageType,BoxyCurvy,
02_08.png,2,8,BigObjects,Originals,2,
02_08.png,2,8,BigObjects,Originals,2,
02_08.png,2,8,BigObjects,Originals,3,
02_08.png,2,8,BigObjects,Originals,1,
02_08.png,2,8,BigObjects,Originals,2,
02_08.png,2,8,BigObjects,Originals,2,
02_08.png,2,8,BigObjects,Originals,2,
02_08.png,2,8,BigObjects,Originals,1,
02_08.png,2,8,BigObjects,Originals,3,
02_08.png,2,8,BigObjects,Originals,3,
02_08.png,2,8,BigObjects,Originals,1,
02_08.png,2,8,BigObjects,Originals,2,
02_08.png,2,8,BigObjects,Originals,1,
02_08.png,2,8,BigObjects,Originals,2,
02_08.png,2,8,BigObjects,Originals,1,
02_08.png,2,8,BigObjects,Originals,1,
02_08.png,2,8,BigObjects,Originals,2,
02_08.png,2,8,BigObjects,Originals,2,
05_25.png,5,25,BigObjects,Originals,2,
05_25.png,5,25,BigObjects,Originals,1,
05_25.png,5,25,BigObjects,Originals,3,
05_25.png,5,25,BigObjects,Originals,2,
05_25.png,5,25,BigObjects,Originals,1,
05_25.png,5,25,BigObjects,Originals,2,
05_25.png,5,25,BigObjects,Originals,2,
05_25.png,5,25,BigObjects,Originals,1,
05_25.png,5,25,BigObjects,Originals,1,
05_25.png,5,25,BigObjects,Originals,1,
05_25.png,5,25,BigObjects,Originals,2,
05_25.png,5,25,BigObjects,Originals,2,
05_25.png,5,25,BigObjects,Originals,1,
05_25.png,5,25,BigObjects,Originals,3,
05_25.png,5,25,BigObjects,Originals,1,
05_25.png,5,25,BigObjects,Originals,3,
05_25.png,5,25,BigObjects,Originals,2,
05_25.png,5,25,BigObjects,Originals,1,
08_35.png,8,35,BigObjects,Originals,2,
08_35.png,8,35,BigObjects,Originals,2,
08_35.png,8,35,BigObjects,Originals,1,
08_35.png,8,35,BigObjects,Originals,1,
08_35.png,8,35,BigObjects,Originals,1,
08_35.png,8,35,BigObjects,Originals,1,
08_35.png,8,35,BigObjects,Originals,3,
08_35.png,8,35,BigObjects,Originals,1,
08_35.png,8,35,BigObjects,Originals,1,
08_35.png,8,35,BigObjects,Originals,1,
08_35.png,8,35,BigObjects,Originals,1,
08_35.png,8,35,BigObjects,Originals,2,
08_35.png,8,35,BigObjects,Originals,1,
08_35.png,8,35,BigObjects,Originals,4,
08_35.png,8,35,BigObjects,Originals,1,
08_35.png,8,35,BigObjects,Originals,2,
08_35.png,8,35,BigObjects,Originals,1,
08_35.png,8,35,BigObjects,Originals,1,
09_15.png,9,15,BigObjects,Originals,3,
09_15.png,9,15,BigObjects,Originals,5,
09_15.png,9,15,BigObjects,Originals,4,
09_15.png,9,15,BigObjects,Originals,2,
09_15.png,9,15,BigObjects,Originals,5,
09_15.png,9,15,BigObjects,Originals,3,
09_15.png,9,15,BigObjects,Originals,4,
09_15.png,9,15,BigObjects,Originals,2,
09_15.png,9,15,BigObjects,Originals,5,
09_15.png,9,15,BigObjects,Originals,3,
09_15.png,9,15,BigObjects,Originals,3,
09_15.png,9,15,BigObjects,Originals,5,
09_15.png,9,15,BigObjects,Originals,4,
09_15.png,9,15,BigObjects,Originals,5,
09_15.png,9,15,BigObjects,Originals,4,
09_15.png,9,15,BigObjects,Originals,3,
09_15.png,9,15,BigObjects,Originals,3,
09_15.png,9,15,BigObjects,Originals,5,
11_40.png,11,40,BigObjects,Originals,3,
11_40.png,11,40,BigObjects,Originals,5,
11_40.png,11,40,BigObjects,Originals,5,
11_40.png,11,40,BigObjects,Originals,5,
11_40.png,11,40,BigObjects,Originals,5,
11_40.png,11,40,BigObjects,Originals,4,
11_40.png,11,40,BigObjects,Originals,5,
11_40.png,11,40,BigObjects,Originals,4,
11_40.png,11,40,BigObjects,Originals,5,
11_40.png,11,40,BigObjects,Originals,4,
11_40.png,11,40,BigObjects,Originals,5,
11_40.png,11,40,BigObjects,Originals,4,
11_40.png,11,40,BigObjects,Originals,5,
11_40.png,11,40,BigObjects,Originals,5,
11_40.png,11,40,BigObjects,Originals,5,
11_40.png,11,40,BigObjects,Originals,4,
11_40.png,11,40,BigObjects,Originals,4,
11_40.png,11,40,BigObjects,Originals,3,
14_34.png,14,34,BigObjects,Originals,3,
14_34.png,14,34,BigObjects,Originals,5,
14_34.png,14,34,BigObjects,Originals,5,
14_34.png,14,34,BigObjects,Originals,4,
14_34.png,14,34,BigObjects,Originals,5,
14_34.png,14,34,BigObjects,Originals,4,
14_34.png,14,34,BigObjects,Originals,5,
14_34.png,14,34,BigObjects,Originals,4,
14_34.png,14,34,BigObjects,Originals,5,
14_34.png,14,34,BigObjects,Originals,4,
14_34.png,14,34,BigObjects,Originals,4,
14_34.png,14,34,BigObjects,Originals,3,
14_34.png,14,34,BigObjects,Originals,5,
14_34.png,14,34,BigObjects,Originals,5,
14_34.png,14,34,BigObjects,Originals,4,
14_34.png,14,34,BigObjects,Originals,4,
14_34.png,14,34,BigObjects,Originals,4,
14_34.png,14,34,BigObjects,Originals,3,
16_28.png,16,28,BigObjects,Originals,3,
16_28.png,16,28,BigObjects,Originals,2,
16_28.png,16,28,BigObjects,Originals,2,
16_28.png,16,28,BigObjects,Originals,3,
16_28.png,16,28,BigObjects,Originals,2,
16_28.png,16,28,BigObjects,Originals,2,
16_28.png,16,28,BigObjects,Originals,2,
16_28.png,16,28,BigObjects,Originals,1,
16_28.png,16,28,BigObjects,Originals,2,
16_28.png,16,28,BigObjects,Originals,3,
16_28.png,16,28,BigObjects,Originals,3,
16_28.png,16,28,BigObjects,Originals,2,
16_28.png,16,28,BigObjects,Originals,2,
16_28.png,16,28,BigObjects,Originals,2,
16_28.png,16,28,BigObjects,Originals,2,
16_28.png,16,28,BigObjects,Originals,3,
16_28.png,16,28,BigObjects,Originals,2,
16_28.png,16,28,BigObjects,Originals,3,
19_17.png,19,17,BigObjects,Originals,4,
19_17.png,19,17,BigObjects,Originals,5,
19_17.png,19,17,BigObjects,Originals,5,
19_17.png,19,17,BigObjects,Originals,5,
19_17.png,19,17,BigObjects,Originals,5,
19_17.png,19,17,BigObjects,Originals,5,
19_17.png,19,17,BigObjects,Originals,5,
19_17.png,19,17,BigObjects,Originals,5,
19_17.png,19,17,BigObjects,Originals,5,
19_17.png,19,17,BigObjects,Originals,5,
19_17.png,19,17,BigObjects,Originals,5,
19_17.png,19,17,BigObjects,Originals,4,
19_17.png,19,17,BigObjects,Originals,5,
19_17.png,19,17,BigObjects,Originals,5,
19_17.png,19,17,BigObjects,Originals,5,
19_17.png,19,17,BigObjects,Originals,5,
19_17.png,19,17,BigObjects,Originals,5,
19_17.png,19,17,BigObjects,Originals,5,
20_38.png,20,38,BigObjects,Originals,4,
20_38.png,20,38,BigObjects,Originals,5,
20_38.png,20,38,BigObjects,Originals,4,
20_38.png,20,38,BigObjects,Originals,4,
20_38.png,20,38,BigObjects,Originals,5,
20_38.png,20,38,BigObjects,Originals,4,
20_38.png,20,38,BigObjects,Originals,4,
20_38.png,20,38,BigObjects,Originals,5,
20_38.png,20,38,BigObjects,Originals,5,
20_38.png,20,38,BigObjects,Originals,5,
20_38.png,20,38,BigObjects,Originals,4,
20_38.png,20,38,BigObjects,Originals,4,
20_38.png,20,38,BigObjects,Originals,4,
20_38.png,20,38,BigObjects,Originals,5,
20_38.png,20,38,BigObjects,Originals,4,
20_38.png,20,38,BigObjects,Originals,3,
20_38.png,20,38,BigObjects,Originals,3,
20_38.png,20,38,BigObjects,Originals,3,
22_26.png,22,26,BigObjects,Originals,4,
22_26.png,22,26,BigObjects,Originals,5,
22_26.png,22,26,BigObjects,Originals,5,
22_26.png,22,26,BigObjects,Originals,4,
22_26.png,22,26,BigObjects,Originals,4,
22_26.png,22,26,BigObjects,Originals,4,
22_26.png,22,26,BigObjects,Originals,5,
22_26.png,22,26,BigObjects,Originals,4,
22_26.png,22,26,BigObjects,Originals,5,
22_26.png,22,26,BigObjects,Originals,5,
22_26.png,22,26,BigObjects,Originals,5,
22_26.png,22,26,BigObjects,Originals,4,
22_26.png,22,26,BigObjects,Originals,5,
22_26.png,22,26,BigObjects,Originals,5,
22_26.png,22,26,BigObjects,Originals,5,
22_26.png,22,26,BigObjects,Originals,5,
22_26.png,22,26,BigObjects,Originals,4,
22_26.png,22,26,BigObjects,Originals,3,
25_10.png,25,10,BigObjects,Originals,5,
25_10.png,25,10,BigObjects,Originals,5,
25_10.png,25,10,BigObjects,Originals,5,
25_10.png,25,10,BigObjects,Originals,5,
25_10.png,25,10,BigObjects,Originals,5,
25_10.png,25,10,BigObjects,Originals,5,
25_10.png,25,10,BigObjects,Originals,5,
25_10.png,25,10,BigObjects,Originals,5,
25_10.png,25,10,BigObjects,Originals,5,
25_10.png,25,10,BigObjects,Originals,5,
25_10.png,25,10,BigObjects,Originals,4,
25_10.png,25,10,BigObjects,Originals,3,
25_10.png,25,10,BigObjects,Originals,5,
25_10.png,25,10,BigObjects,Originals,5,
25_10.png,25,10,BigObjects,Originals,5,
25_10.png,25,10,BigObjects,Originals,4,
25_10.png,25,10,BigObjects,Originals,5,
25_10.png,25,10,BigObjects,Originals,5,
26_32.png,26,32,BigObjects,Originals,4,
26_32.png,26,32,BigObjects,Originals,4,
26_32.png,26,32,BigObjects,Originals,4,
26_32.png,26,32,BigObjects,Originals,3,
26_32.png,26,32,BigObjects,Originals,3,
26_32.png,26,32,BigObjects,Originals,4,
26_32.png,26,32,BigObjects,Originals,3,
26_32.png,26,32,BigObjects,Originals,2,
26_32.png,26,32,BigObjects,Originals,4,
26_32.png,26,32,BigObjects,Originals,3,
26_32.png,26,32,BigObjects,Originals,4,
26_32.png,26,32,BigObjects,Originals,4,
26_32.png,26,32,BigObjects,Originals,3,
26_32.png,26,32,BigObjects,Originals,4,
26_32.png,26,32,BigObjects,Originals,2,
26_32.png,26,32,BigObjects,Originals,5,
26_32.png,26,32,BigObjects,Originals,2,
26_32.png,26,32,BigObjects,Originals,3,
27_18.png,27,18,BigObjects,Originals,4,
27_18.png,27,18,BigObjects,Originals,5,
27_18.png,27,18,BigObjects,Originals,5,
27_18.png,27,18,BigObjects,Originals,4,
27_18.png,27,18,BigObjects,Originals,5,
27_18.png,27,18,BigObjects,Originals,4,
27_18.png,27,18,BigObjects,Originals,5,
27_18.png,27,18,BigObjects,Originals,5,
27_18.png,27,18,BigObjects,Originals,5,
27_18.png,27,18,BigObjects,Originals,5,
27_18.png,27,18,BigObjects,Originals,5,
27_18.png,27,18,BigObjects,Originals,5,
27_18.png,27,18,BigObjects,Originals,5,
27_18.png,27,18,BigObjects,Originals,5,
27_18.png,27,18,BigObjects,Originals,4,
27_18.png,27,18,BigObjects,Originals,4,
27_18.png,27,18,BigObjects,Originals,5,
27_18.png,27,18,BigObjects,Originals,5,
29_03.png,29,3,BigObjects,Originals,4,
29_03.png,29,3,BigObjects,Originals,5,
29_03.png,29,3,BigObjects,Originals,5,
29_03.png,29,3,BigObjects,Originals,5,
29_03.png,29,3,BigObjects,Originals,5,
29_03.png,29,3,BigObjects,Originals,5,
29_03.png,29,3,BigObjects,Originals,5,
29_03.png,29,3,BigObjects,Originals,5,
29_03.png,29,3,BigObjects,Originals,5,
29_03.png,29,3,BigObjects,Originals,5,
29_03.png,29,3,BigObjects,Originals,5,
29_03.png,29,3,BigObjects,Originals,5,
29_03.png,29,3,BigObjects,Originals,5,
29_03.png,29,3,BigObjects,Originals,5,
29_03.png,29,3,BigObjects,Originals,5,
29_03.png,29,3,BigObjects,Originals,3,
29_03.png,29,3,BigObjects,Originals,5,
29_03.png,29,3,BigObjects,Originals,5,
30_20.png,30,20,BigObjects,Originals,4,
30_20.png,30,20,BigObjects,Originals,5,
30_20.png,30,20,BigObjects,Originals,5,
30_20.png,30,20,BigObjects,Originals,5,
30_20.png,30,20,BigObjects,Originals,5,
30_20.png,30,20,BigObjects,Originals,4,
30_20.png,30,20,BigObjects,Originals,5,
30_20.png,30,20,BigObjects,Originals,5,
30_20.png,30,20,BigObjects,Originals,5,
30_20.png,30,20,BigObjects,Originals,5,
30_20.png,30,20,BigObjects,Originals,5,
30_20.png,30,20,BigObjects,Originals,5,
30_20.png,30,20,BigObjects,Originals,5,
30_20.png,30,20,BigObjects,Originals,5,
30_20.png,30,20,BigObjects,Originals,5,
30_20.png,30,20,BigObjects,Originals,5,
30_20.png,30,20,BigObjects,Originals,5,
30_20.png,30,20,BigObjects,Originals,5,
02_44.png,2,44,SmallObjects,Originals,1,
02_44.png,2,44,SmallObjects,Originals,1,
02_44.png,2,44,SmallObjects,Originals,2,
02_44.png,2,44,SmallObjects,Originals,1,
02_44.png,2,44,SmallObjects,Originals,1,
02_44.png,2,44,SmallObjects,Originals,2,
02_44.png,2,44,SmallObjects,Originals,2,
02_44.png,2,44,SmallObjects,Originals,1,
02_44.png,2,44,SmallObjects,Originals,1,
02_44.png,2,44,SmallObjects,Originals,1,
02_44.png,2,44,SmallObjects,Originals,2,
02_44.png,2,44,SmallObjects,Originals,2,
02_44.png,2,44,SmallObjects,Originals,1,
02_44.png,2,44,SmallObjects,Originals,1,
02_44.png,2,44,SmallObjects,Originals,1,
02_44.png,2,44,SmallObjects,Originals,2,
02_44.png,2,44,SmallObjects,Originals,1,
02_44.png,2,44,SmallObjects,Originals,1,
05_54.png,5,54,SmallObjects,Originals,2,
05_54.png,5,54,SmallObjects,Originals,2,
05_54.png,5,54,SmallObjects,Originals,2,
05_54.png,5,54,SmallObjects,Originals,3,
05_54.png,5,54,SmallObjects,Originals,1,
05_54.png,5,54,SmallObjects,Originals,2,
05_54.png,5,54,SmallObjects,Originals,2,
05_54.png,5,54,SmallObjects,Originals,1,
05_54.png,5,54,SmallObjects,Originals,1,
05_54.png,5,54,SmallObjects,Originals,2,
05_54.png,5,54,SmallObjects,Originals,1,
05_54.png,5,54,SmallObjects,Originals,3,
05_54.png,5,54,SmallObjects,Originals,2,
05_54.png,5,54,SmallObjects,Originals,2,
05_54.png,5,54,SmallObjects,Originals,1,
05_54.png,5,54,SmallObjects,Originals,2,
05_54.png,5,54,SmallObjects,Originals,2,
05_54.png,5,54,SmallObjects,Originals,1,
08_45.png,8,45,SmallObjects,Originals,2,
08_45.png,8,45,SmallObjects,Originals,1,
08_45.png,8,45,SmallObjects,Originals,2,
08_45.png,8,45,SmallObjects,Originals,3,
08_45.png,8,45,SmallObjects,Originals,2,
08_45.png,8,45,SmallObjects,Originals,3,
08_45.png,8,45,SmallObjects,Originals,2,
08_45.png,8,45,SmallObjects,Originals,1,
08_45.png,8,45,SmallObjects,Originals,2,
08_45.png,8,45,SmallObjects,Originals,3,
08_45.png,8,45,SmallObjects,Originals,2,
08_45.png,8,45,SmallObjects,Originals,2,
08_45.png,8,45,SmallObjects,Originals,1,
08_45.png,8,45,SmallObjects,Originals,2,
08_45.png,8,45,SmallObjects,Originals,2,
08_45.png,8,45,SmallObjects,Originals,2,
08_45.png,8,45,SmallObjects,Originals,2,
08_45.png,8,45,SmallObjects,Originals,2,
09_64.png,9,64,SmallObjects,Originals,5,
09_64.png,9,64,SmallObjects,Originals,4,
09_64.png,9,64,SmallObjects,Originals,5,
09_64.png,9,64,SmallObjects,Originals,4,
09_64.png,9,64,SmallObjects,Originals,5,
09_64.png,9,64,SmallObjects,Originals,4,
09_64.png,9,64,SmallObjects,Originals,5,
09_64.png,9,64,SmallObjects,Originals,4,
09_64.png,9,64,SmallObjects,Originals,5,
09_64.png,9,64,SmallObjects,Originals,5,
09_64.png,9,64,SmallObjects,Originals,5,
09_64.png,9,64,SmallObjects,Originals,4,
09_64.png,9,64,SmallObjects,Originals,4,
09_64.png,9,64,SmallObjects,Originals,5,
09_64.png,9,64,SmallObjects,Originals,5,
09_64.png,9,64,SmallObjects,Originals,4,
09_64.png,9,64,SmallObjects,Originals,4,
09_64.png,9,64,SmallObjects,Originals,5,
11_71.png,11,71,SmallObjects,Originals,4,
11_71.png,11,71,SmallObjects,Originals,2,
11_71.png,11,71,SmallObjects,Originals,3,
11_71.png,11,71,SmallObjects,Originals,2,
11_71.png,11,71,SmallObjects,Originals,1,
11_71.png,11,71,SmallObjects,Originals,2,
11_71.png,11,71,SmallObjects,Originals,2,
11_71.png,11,71,SmallObjects,Originals,2,
11_71.png,11,71,SmallObjects,Originals,3,
11_71.png,11,71,SmallObjects,Originals,3,
11_71.png,11,71,SmallObjects,Originals,2,
11_71.png,11,71,SmallObjects,Originals,2,
11_71.png,11,71,SmallObjects,Originals,2,
11_71.png,11,71,SmallObjects,Originals,3,
11_71.png,11,71,SmallObjects,Originals,1,
11_71.png,11,71,SmallObjects,Originals,2,
11_71.png,11,71,SmallObjects,Originals,2,
11_71.png,11,71,SmallObjects,Originals,2,
14_67.png,14,67,SmallObjects,Originals,3,
14_67.png,14,67,SmallObjects,Originals,3,
14_67.png,14,67,SmallObjects,Originals,3,
14_67.png,14,67,SmallObjects,Originals,2,
14_67.png,14,67,SmallObjects,Originals,4,
14_67.png,14,67,SmallObjects,Originals,3,
14_67.png,14,67,SmallObjects,Originals,4,
14_67.png,14,67,SmallObjects,Originals,3,
14_67.png,14,67,SmallObjects,Originals,3,
14_67.png,14,67,SmallObjects,Originals,3,
14_67.png,14,67,SmallObjects,Originals,5,
14_67.png,14,67,SmallObjects,Originals,3,
14_67.png,14,67,SmallObjects,Originals,3,
14_67.png,14,67,SmallObjects,Originals,4,
14_67.png,14,67,SmallObjects,Originals,3,
14_67.png,14,67,SmallObjects,Originals,2,
14_67.png,14,67,SmallObjects,Originals,2,
14_67.png,14,67,SmallObjects,Originals,3,
16_73.png,16,73,SmallObjects,Originals,2,
16_73.png,16,73,SmallObjects,Originals,1,
16_73.png,16,73,SmallObjects,Originals,1,
16_73.png,16,73,SmallObjects,Originals,1,
16_73.png,16,73,SmallObjects,Originals,1,
16_73.png,16,73,SmallObjects,Originals,1,
16_73.png,16,73,SmallObjects,Originals,1,
16_73.png,16,73,SmallObjects,Originals,1,
16_73.png,16,73,SmallObjects,Originals,1,
16_73.png,16,73,SmallObjects,Originals,3,
16_73.png,16,73,SmallObjects,Originals,1,
16_73.png,16,73,SmallObjects,Originals,2,
16_73.png,16,73,SmallObjects,Originals,1,
16_73.png,16,73,SmallObjects,Originals,1,
16_73.png,16,73,SmallObjects,Originals,1,
16_73.png,16,73,SmallObjects,Originals,3,
16_73.png,16,73,SmallObjects,Originals,2,
16_73.png,16,73,SmallObjects,Originals,1,
19_41.png,19,41,SmallObjects,Originals,2,
19_41.png,19,41,SmallObjects,Originals,1,
19_41.png,19,41,SmallObjects,Originals,1,
19_41.png,19,41,SmallObjects,Originals,1,
19_41.png,19,41,SmallObjects,Originals,1,
19_41.png,19,41,SmallObjects,Originals,1,
19_41.png,19,41,SmallObjects,Originals,1,
19_41.png,19,41,SmallObjects,Originals,1,
19_41.png,19,41,SmallObjects,Originals,1,
19_41.png,19,41,SmallObjects,Originals,1,
19_41.png,19,41,SmallObjects,Originals,1,
19_41.png,19,41,SmallObjects,Originals,2,
19_41.png,19,41,SmallObjects,Originals,1,
19_41.png,19,41,SmallObjects,Originals,1,
19_41.png,19,41,SmallObjects,Originals,1,
19_41.png,19,41,SmallObjects,Originals,3,
19_41.png,19,41,SmallObjects,Originals,1,
19_41.png,19,41,SmallObjects,Originals,1,
20_79.png,20,79,SmallObjects,Originals,2,
20_79.png,20,79,SmallObjects,Originals,1,
20_79.png,20,79,SmallObjects,Originals,1,
20_79.png,20,79,SmallObjects,Originals,2,
20_79.png,20,79,SmallObjects,Originals,1,
20_79.png,20,79,SmallObjects,Originals,2,
20_79.png,20,79,SmallObjects,Originals,1,
20_79.png,20,79,SmallObjects,Originals,1,
20_79.png,20,79,SmallObjects,Originals,1,
20_79.png,20,79,SmallObjects,Originals,2,
20_79.png,20,79,SmallObjects,Originals,1,
20_79.png,20,79,SmallObjects,Originals,2,
20_79.png,20,79,SmallObjects,Originals,1,
20_79.png,20,79,SmallObjects,Originals,2,
20_79.png,20,79,SmallObjects,Originals,1,
20_79.png,20,79,SmallObjects,Originals,3,
20_79.png,20,79,SmallObjects,Originals,2,
20_79.png,20,79,SmallObjects,Originals,2,
22_65.png,22,65,SmallObjects,Originals,2,
22_65.png,22,65,SmallObjects,Originals,1,
22_65.png,22,65,SmallObjects,Originals,1,
22_65.png,22,65,SmallObjects,Originals,1,
22_65.png,22,65,SmallObjects,Originals,1,
22_65.png,22,65,SmallObjects,Originals,2,
22_65.png,22,65,SmallObjects,Originals,2,
22_65.png,22,65,SmallObjects,Originals,1,
22_65.png,22,65,SmallObjects,Originals,1,
22_65.png,22,65,SmallObjects,Originals,2,
22_65.png,22,65,SmallObjects,Originals,1,
22_65.png,22,65,SmallObjects,Originals,2,
22_65.png,22,65,SmallObjects,Originals,1,
22_65.png,22,65,SmallObjects,Originals,1,
22_65.png,22,65,SmallObjects,Originals,1,
22_65.png,22,65,SmallObjects,Originals,4,
22_65.png,22,65,SmallObjects,Originals,1,
22_65.png,22,65,SmallObjects,Originals,1,
25_56.png,25,56,SmallObjects,Originals,3,
25_56.png,25,56,SmallObjects,Originals,3,
25_56.png,25,56,SmallObjects,Originals,2,
25_56.png,25,56,SmallObjects,Originals,1,
25_56.png,25,56,SmallObjects,Originals,4,
25_56.png,25,56,SmallObjects,Originals,3,
25_56.png,25,56,SmallObjects,Originals,2,
25_56.png,25,56,SmallObjects,Originals,1,
25_56.png,25,56,SmallObjects,Originals,3,
25_56.png,25,56,SmallObjects,Originals,3,
25_56.png,25,56,SmallObjects,Originals,2,
25_56.png,25,56,SmallObjects,Originals,2,
25_56.png,25,56,SmallObjects,Originals,3,
25_56.png,25,56,SmallObjects,Originals,3,
25_56.png,25,56,SmallObjects,Originals,2,
25_56.png,25,56,SmallObjects,Originals,2,
25_56.png,25,56,SmallObjects,Originals,2,
25_56.png,25,56,SmallObjects,Originals,3,
26_42.png,26,42,SmallObjects,Originals,1,
26_42.png,26,42,SmallObjects,Originals,3,
26_42.png,26,42,SmallObjects,Originals,3,
26_42.png,26,42,SmallObjects,Originals,1,
26_42.png,26,42,SmallObjects,Originals,3,
26_42.png,26,42,SmallObjects,Originals,2,
26_42.png,26,42,SmallObjects,Originals,2,
26_42.png,26,42,SmallObjects,Originals,1,
26_42.png,26,42,SmallObjects,Originals,3,
26_42.png,26,42,SmallObjects,Originals,3,
26_42.png,26,42,SmallObjects,Originals,1,
26_42.png,26,42,SmallObjects,Originals,3,
26_42.png,26,42,SmallObjects,Originals,1,
26_42.png,26,42,SmallObjects,Originals,2,
26_42.png,26,42,SmallObjects,Originals,3,
26_42.png,26,42,SmallObjects,Originals,3,
26_42.png,26,42,SmallObjects,Originals,1,
26_42.png,26,42,SmallObjects,Originals,1,
27_63.png,27,63,SmallObjects,Originals,4,
27_63.png,27,63,SmallObjects,Originals,5,
27_63.png,27,63,SmallObjects,Originals,5,
27_63.png,27,63,SmallObjects,Originals,4,
27_63.png,27,63,SmallObjects,Originals,5,
27_63.png,27,63,SmallObjects,Originals,4,
27_63.png,27,63,SmallObjects,Originals,5,
27_63.png,27,63,SmallObjects,Originals,5,
27_63.png,27,63,SmallObjects,Originals,5,
27_63.png,27,63,SmallObjects,Originals,4,
27_63.png,27,63,SmallObjects,Originals,5,
27_63.png,27,63,SmallObjects,Originals,5,
27_63.png,27,63,SmallObjects,Originals,4,
27_63.png,27,63,SmallObjects,Originals,5,
27_63.png,27,63,SmallObjects,Originals,4,
27_63.png,27,63,SmallObjects,Originals,4,
27_63.png,27,63,SmallObjects,Originals,3,
27_63.png,27,63,SmallObjects,Originals,5,
29_69.png,29,69,SmallObjects,Originals,3,
29_69.png,29,69,SmallObjects,Originals,2,
29_69.png,29,69,SmallObjects,Originals,2,
29_69.png,29,69,SmallObjects,Originals,1,
29_69.png,29,69,SmallObjects,Originals,2,
29_69.png,29,69,SmallObjects,Originals,2,
29_69.png,29,69,SmallObjects,Originals,2,
29_69.png,29,69,SmallObjects,Originals,1,
29_69.png,29,69,SmallObjects,Originals,1,
29_69.png,29,69,SmallObjects,Originals,3,
29_69.png,29,69,SmallObjects,Originals,2,
29_69.png,29,69,SmallObjects,Originals,2,
29_69.png,29,69,SmallObjects,Originals,1,
29_69.png,29,69,SmallObjects,Originals,4,
29_69.png,29,69,SmallObjects,Originals,2,
29_69.png,29,69,SmallObjects,Originals,3,
29_69.png,29,69,SmallObjects,Originals,1,
29_69.png,29,69,SmallObjects,Originals,2,
30_50.png,30,50,SmallObjects,Originals,1,
30_50.png,30,50,SmallObjects,Originals,1,
30_50.png,30,50,SmallObjects,Originals,3,
30_50.png,30,50,SmallObjects,Originals,1,
30_50.png,30,50,SmallObjects,Originals,4,
30_50.png,30,50,SmallObjects,Originals,2,
30_50.png,30,50,SmallObjects,Originals,2,
30_50.png,30,50,SmallObjects,Originals,1,
30_50.png,30,50,SmallObjects,Originals,3,
30_50.png,30,50,SmallObjects,Originals,3,
30_50.png,30,50,SmallObjects,Originals,2,
30_50.png,30,50,SmallObjects,Originals,2,
30_50.png,30,50,SmallObjects,Originals,1,
30_50.png,30,50,SmallObjects,Originals,1,
30_50.png,30,50,SmallObjects,Originals,1,
30_50.png,30,50,SmallObjects,Originals,2,
30_50.png,30,50,SmallObjects,Originals,2,
30_50.png,30,50,SmallObjects,Originals,2,
01_07.jpg,1,7,BigObjects,Texforms,4,
01_07.jpg,1,7,BigObjects,Texforms,2,
01_07.jpg,1,7,BigObjects,Texforms,2,
01_07.jpg,1,7,BigObjects,Texforms,2,
01_07.jpg,1,7,BigObjects,Texforms,1,
01_07.jpg,1,7,BigObjects,Texforms,2,
01_07.jpg,1,7,BigObjects,Texforms,3,
01_07.jpg,1,7,BigObjects,Texforms,2,
01_07.jpg,1,7,BigObjects,Texforms,3,
01_07.jpg,1,7,BigObjects,Texforms,3,
01_07.jpg,1,7,BigObjects,Texforms,4,
01_07.jpg,1,7,BigObjects,Texforms,2,
01_07.jpg,1,7,BigObjects,Texforms,3,
01_07.jpg,1,7,BigObjects,Texforms,2,
01_07.jpg,1,7,BigObjects,Texforms,2,
01_07.jpg,1,7,BigObjects,Texforms,3,
01_07.jpg,1,7,BigObjects,Texforms,2,
01_07.jpg,1,7,BigObjects,Texforms,3,
03_36.jpg,3,36,BigObjects,Texforms,3,
03_36.jpg,3,36,BigObjects,Texforms,1,
03_36.jpg,3,36,BigObjects,Texforms,2,
03_36.jpg,3,36,BigObjects,Texforms,2,
03_36.jpg,3,36,BigObjects,Texforms,1,
03_36.jpg,3,36,BigObjects,Texforms,2,
03_36.jpg,3,36,BigObjects,Texforms,3,
03_36.jpg,3,36,BigObjects,Texforms,2,
03_36.jpg,3,36,BigObjects,Texforms,2,
03_36.jpg,3,36,BigObjects,Texforms,2,
03_36.jpg,3,36,BigObjects,Texforms,2,
03_36.jpg,3,36,BigObjects,Texforms,2,
03_36.jpg,3,36,BigObjects,Texforms,1,
03_36.jpg,3,36,BigObjects,Texforms,2,
03_36.jpg,3,36,BigObjects,Texforms,2,
03_36.jpg,3,36,BigObjects,Texforms,2,
03_36.jpg,3,36,BigObjects,Texforms,4,
03_36.jpg,3,36,BigObjects,Texforms,2,
04_05.jpg,4,5,BigObjects,Texforms,2,
04_05.jpg,4,5,BigObjects,Texforms,4,
04_05.jpg,4,5,BigObjects,Texforms,4,
04_05.jpg,4,5,BigObjects,Texforms,2,
04_05.jpg,4,5,BigObjects,Texforms,5,
04_05.jpg,4,5,BigObjects,Texforms,4,
04_05.jpg,4,5,BigObjects,Texforms,4,
04_05.jpg,4,5,BigObjects,Texforms,3,
04_05.jpg,4,5,BigObjects,Texforms,4,
04_05.jpg,4,5,BigObjects,Texforms,4,
04_05.jpg,4,5,BigObjects,Texforms,3,
04_05.jpg,4,5,BigObjects,Texforms,3,
04_05.jpg,4,5,BigObjects,Texforms,4,
04_05.jpg,4,5,BigObjects,Texforms,3,
04_05.jpg,4,5,BigObjects,Texforms,3,
04_05.jpg,4,5,BigObjects,Texforms,3,
04_05.jpg,4,5,BigObjects,Texforms,2,
04_05.jpg,4,5,BigObjects,Texforms,3,
06_02.jpg,6,2,BigObjects,Texforms,3,
06_02.jpg,6,2,BigObjects,Texforms,2,
06_02.jpg,6,2,BigObjects,Texforms,3,
06_02.jpg,6,2,BigObjects,Texforms,1,
06_02.jpg,6,2,BigObjects,Texforms,3,
06_02.jpg,6,2,BigObjects,Texforms,2,
06_02.jpg,6,2,BigObjects,Texforms,2,
06_02.jpg,6,2,BigObjects,Texforms,2,
06_02.jpg,6,2,BigObjects,Texforms,2,
06_02.jpg,6,2,BigObjects,Texforms,1,
06_02.jpg,6,2,BigObjects,Texforms,2,
06_02.jpg,6,2,BigObjects,Texforms,2,
06_02.jpg,6,2,BigObjects,Texforms,3,
06_02.jpg,6,2,BigObjects,Texforms,2,
06_02.jpg,6,2,BigObjects,Texforms,1,
06_02.jpg,6,2,BigObjects,Texforms,3,
06_02.jpg,6,2,BigObjects,Texforms,3,
06_02.jpg,6,2,BigObjects,Texforms,3,
07_33.jpg,7,33,BigObjects,Texforms,3,
07_33.jpg,7,33,BigObjects,Texforms,3,
07_33.jpg,7,33,BigObjects,Texforms,2,
07_33.jpg,7,33,BigObjects,Texforms,1,
07_33.jpg,7,33,BigObjects,Texforms,1,
07_33.jpg,7,33,BigObjects,Texforms,2,
07_33.jpg,7,33,BigObjects,Texforms,2,
07_33.jpg,7,33,BigObjects,Texforms,1,
07_33.jpg,7,33,BigObjects,Texforms,1,
07_33.jpg,7,33,BigObjects,Texforms,1,
07_33.jpg,7,33,BigObjects,Texforms,2,
07_33.jpg,7,33,BigObjects,Texforms,3,
07_33.jpg,7,33,BigObjects,Texforms,2,
07_33.jpg,7,33,BigObjects,Texforms,1,
07_33.jpg,7,33,BigObjects,Texforms,2,
07_33.jpg,7,33,BigObjects,Texforms,3,
07_33.jpg,7,33,BigObjects,Texforms,2,
07_33.jpg,7,33,BigObjects,Texforms,2,
10_09.jpg,10,9,BigObjects,Texforms,1,
10_09.jpg,10,9,BigObjects,Texforms,2,
10_09.jpg,10,9,BigObjects,Texforms,4,
10_09.jpg,10,9,BigObjects,Texforms,1,
10_09.jpg,10,9,BigObjects,Texforms,4,
10_09.jpg,10,9,BigObjects,Texforms,3,
10_09.jpg,10,9,BigObjects,Texforms,2,
10_09.jpg,10,9,BigObjects,Texforms,3,
10_09.jpg,10,9,BigObjects,Texforms,4,
10_09.jpg,10,9,BigObjects,Texforms,4,
10_09.jpg,10,9,BigObjects,Texforms,2,
10_09.jpg,10,9,BigObjects,Texforms,4,
10_09.jpg,10,9,BigObjects,Texforms,3,
10_09.jpg,10,9,BigObjects,Texforms,4,
10_09.jpg,10,9,BigObjects,Texforms,4,
10_09.jpg,10,9,BigObjects,Texforms,3,
10_09.jpg,10,9,BigObjects,Texforms,5,
10_09.jpg,10,9,BigObjects,Texforms,2,
12_13.jpg,12,13,BigObjects,Texforms,2,
12_13.jpg,12,13,BigObjects,Texforms,3,
12_13.jpg,12,13,BigObjects,Texforms,4,
12_13.jpg,12,13,BigObjects,Texforms,1,
12_13.jpg,12,13,BigObjects,Texforms,2,
12_13.jpg,12,13,BigObjects,Texforms,2,
12_13.jpg,12,13,BigObjects,Texforms,3,
12_13.jpg,12,13,BigObjects,Texforms,4,
12_13.jpg,12,13,BigObjects,Texforms,4,
12_13.jpg,12,13,BigObjects,Texforms,3,
12_13.jpg,12,13,BigObjects,Texforms,3,
12_13.jpg,12,13,BigObjects,Texforms,3,
12_13.jpg,12,13,BigObjects,Texforms,2,
12_13.jpg,12,13,BigObjects,Texforms,1,
12_13.jpg,12,13,BigObjects,Texforms,4,
12_13.jpg,12,13,BigObjects,Texforms,3,
12_13.jpg,12,13,BigObjects,Texforms,4,
12_13.jpg,12,13,BigObjects,Texforms,3,
13_19.jpg,13,19,BigObjects,Texforms,3,
13_19.jpg,13,19,BigObjects,Texforms,5,
13_19.jpg,13,19,BigObjects,Texforms,3,
13_19.jpg,13,19,BigObjects,Texforms,1,
13_19.jpg,13,19,BigObjects,Texforms,4,
13_19.jpg,13,19,BigObjects,Texforms,4,
13_19.jpg,13,19,BigObjects,Texforms,4,
13_19.jpg,13,19,BigObjects,Texforms,4,
13_19.jpg,13,19,BigObjects,Texforms,2,
13_19.jpg,13,19,BigObjects,Texforms,3,
13_19.jpg,13,19,BigObjects,Texforms,3,
13_19.jpg,13,19,BigObjects,Texforms,3,
13_19.jpg,13,19,BigObjects,Texforms,3,
13_19.jpg,13,19,BigObjects,Texforms,4,
13_19.jpg,13,19,BigObjects,Texforms,5,
13_19.jpg,13,19,BigObjects,Texforms,3,
13_19.jpg,13,19,BigObjects,Texforms,5,
13_19.jpg,13,19,BigObjects,Texforms,3,
15_29.jpg,15,29,BigObjects,Texforms,4,
15_29.jpg,15,29,BigObjects,Texforms,4,
15_29.jpg,15,29,BigObjects,Texforms,4,
15_29.jpg,15,29,BigObjects,Texforms,4,
15_29.jpg,15,29,BigObjects,Texforms,5,
15_29.jpg,15,29,BigObjects,Texforms,4,
15_29.jpg,15,29,BigObjects,Texforms,4,
15_29.jpg,15,29,BigObjects,Texforms,5,
15_29.jpg,15,29,BigObjects,Texforms,4,
15_29.jpg,15,29,BigObjects,Texforms,4,
15_29.jpg,15,29,BigObjects,Texforms,4,
15_29.jpg,15,29,BigObjects,Texforms,3,
15_29.jpg,15,29,BigObjects,Texforms,5,
15_29.jpg,15,29,BigObjects,Texforms,5,
15_29.jpg,15,29,BigObjects,Texforms,5,
15_29.jpg,15,29,BigObjects,Texforms,3,
15_29.jpg,15,29,BigObjects,Texforms,5,
15_29.jpg,15,29,BigObjects,Texforms,4,
17_21.jpg,17,21,BigObjects,Texforms,2,
17_21.jpg,17,21,BigObjects,Texforms,2,
17_21.jpg,17,21,BigObjects,Texforms,2,
17_21.jpg,17,21,BigObjects,Texforms,2,
17_21.jpg,17,21,BigObjects,Texforms,2,
17_21.jpg,17,21,BigObjects,Texforms,2,
17_21.jpg,17,21,BigObjects,Texforms,2,
17_21.jpg,17,21,BigObjects,Texforms,2,
17_21.jpg,17,21,BigObjects,Texforms,2,
17_21.jpg,17,21,BigObjects,Texforms,4,
17_21.jpg,17,21,BigObjects,Texforms,2,
17_21.jpg,17,21,BigObjects,Texforms,3,
17_21.jpg,17,21,BigObjects,Texforms,3,
17_21.jpg,17,21,BigObjects,Texforms,1,
17_21.jpg,17,21,BigObjects,Texforms,4,
17_21.jpg,17,21,BigObjects,Texforms,3,
17_21.jpg,17,21,BigObjects,Texforms,1,
17_21.jpg,17,21,BigObjects,Texforms,2,
18_23.jpg,18,23,BigObjects,Texforms,4,
18_23.jpg,18,23,BigObjects,Texforms,2,
18_23.jpg,18,23,BigObjects,Texforms,4,
18_23.jpg,18,23,BigObjects,Texforms,1,
18_23.jpg,18,23,BigObjects,Texforms,2,
18_23.jpg,18,23,BigObjects,Texforms,3,
18_23.jpg,18,23,BigObjects,Texforms,3,
18_23.jpg,18,23,BigObjects,Texforms,1,
18_23.jpg,18,23,BigObjects,Texforms,4,
18_23.jpg,18,23,BigObjects,Texforms,3,
18_23.jpg,18,23,BigObjects,Texforms,3,
18_23.jpg,18,23,BigObjects,Texforms,3,
18_23.jpg,18,23,BigObjects,Texforms,4,
18_23.jpg,18,23,BigObjects,Texforms,3,
18_23.jpg,18,23,BigObjects,Texforms,2,
18_23.jpg,18,23,BigObjects,Texforms,3,
18_23.jpg,18,23,BigObjects,Texforms,2,
18_23.jpg,18,23,BigObjects,Texforms,4,
21_31.jpg,21,31,BigObjects,Texforms,3,
21_31.jpg,21,31,BigObjects,Texforms,2,
21_31.jpg,21,31,BigObjects,Texforms,4,
21_31.jpg,21,31,BigObjects,Texforms,1,
21_31.jpg,21,31,BigObjects,Texforms,3,
21_31.jpg,21,31,BigObjects,Texforms,2,
21_31.jpg,21,31,BigObjects,Texforms,4,
21_31.jpg,21,31,BigObjects,Texforms,2,
21_31.jpg,21,31,BigObjects,Texforms,3,
21_31.jpg,21,31,BigObjects,Texforms,4,
21_31.jpg,21,31,BigObjects,Texforms,2,
21_31.jpg,21,31,BigObjects,Texforms,3,
21_31.jpg,21,31,BigObjects,Texforms,3,
21_31.jpg,21,31,BigObjects,Texforms,2,
21_31.jpg,21,31,BigObjects,Texforms,4,
21_31.jpg,21,31,BigObjects,Texforms,3,
21_31.jpg,21,31,BigObjects,Texforms,3,
21_31.jpg,21,31,BigObjects,Texforms,3,
23_16.jpg,23,16,BigObjects,Texforms,3,
23_16.jpg,23,16,BigObjects,Texforms,4,
23_16.jpg,23,16,BigObjects,Texforms,5,
23_16.jpg,23,16,BigObjects,Texforms,3,
23_16.jpg,23,16,BigObjects,Texforms,5,
23_16.jpg,23,16,BigObjects,Texforms,4,
23_16.jpg,23,16,BigObjects,Texforms,4,
23_16.jpg,23,16,BigObjects,Texforms,5,
23_16.jpg,23,16,BigObjects,Texforms,4,
23_16.jpg,23,16,BigObjects,Texforms,2,
23_16.jpg,23,16,BigObjects,Texforms,5,
23_16.jpg,23,16,BigObjects,Texforms,3,
23_16.jpg,23,16,BigObjects,Texforms,4,
23_16.jpg,23,16,BigObjects,Texforms,4,
23_16.jpg,23,16,BigObjects,Texforms,4,
23_16.jpg,23,16,BigObjects,Texforms,2,
23_16.jpg,23,16,BigObjects,Texforms,5,
23_16.jpg,23,16,BigObjects,Texforms,5,
24_06.jpg,24,6,BigObjects,Texforms,5,
24_06.jpg,24,6,BigObjects,Texforms,5,
24_06.jpg,24,6,BigObjects,Texforms,5,
24_06.jpg,24,6,BigObjects,Texforms,4,
24_06.jpg,24,6,BigObjects,Texforms,4,
24_06.jpg,24,6,BigObjects,Texforms,4,
24_06.jpg,24,6,BigObjects,Texforms,4,
24_06.jpg,24,6,BigObjects,Texforms,4,
24_06.jpg,24,6,BigObjects,Texforms,4,
24_06.jpg,24,6,BigObjects,Texforms,3,
24_06.jpg,24,6,BigObjects,Texforms,5,
24_06.jpg,24,6,BigObjects,Texforms,3,
24_06.jpg,24,6,BigObjects,Texforms,5,
24_06.jpg,24,6,BigObjects,Texforms,3,
24_06.jpg,24,6,BigObjects,Texforms,4,
24_06.jpg,24,6,BigObjects,Texforms,5,
24_06.jpg,24,6,BigObjects,Texforms,5,
24_06.jpg,24,6,BigObjects,Texforms,4,
28_12.jpg,28,12,BigObjects,Texforms,4,
28_12.jpg,28,12,BigObjects,Texforms,5,
28_12.jpg,28,12,BigObjects,Texforms,5,
28_12.jpg,28,12,BigObjects,Texforms,3,
28_12.jpg,28,12,BigObjects,Texforms,5,
28_12.jpg,28,12,BigObjects,Texforms,4,
28_12.jpg,28,12,BigObjects,Texforms,4,
28_12.jpg,28,12,BigObjects,Texforms,5,
28_12.jpg,28,12,BigObjects,Texforms,4,
28_12.jpg,28,12,BigObjects,Texforms,5,
28_12.jpg,28,12,BigObjects,Texforms,4,
28_12.jpg,28,12,BigObjects,Texforms,5,
28_12.jpg,28,12,BigObjects,Texforms,5,
28_12.jpg,28,12,BigObjects,Texforms,4,
28_12.jpg,28,12,BigObjects,Texforms,5,
28_12.jpg,28,12,BigObjects,Texforms,5,
28_12.jpg,28,12,BigObjects,Texforms,5,
28_12.jpg,28,12,BigObjects,Texforms,4,
01_78.jpg,1,78,SmallObjects,Texforms,3,
01_78.jpg,1,78,SmallObjects,Texforms,4,
01_78.jpg,1,78,SmallObjects,Texforms,3,
01_78.jpg,1,78,SmallObjects,Texforms,3,
01_78.jpg,1,78,SmallObjects,Texforms,3,
01_78.jpg,1,78,SmallObjects,Texforms,3,
01_78.jpg,1,78,SmallObjects,Texforms,2,
01_78.jpg,1,78,SmallObjects,Texforms,3,
01_78.jpg,1,78,SmallObjects,Texforms,1,
01_78.jpg,1,78,SmallObjects,Texforms,2,
01_78.jpg,1,78,SmallObjects,Texforms,5,
01_78.jpg,1,78,SmallObjects,Texforms,3,
01_78.jpg,1,78,SmallObjects,Texforms,3,
01_78.jpg,1,78,SmallObjects,Texforms,3,
01_78.jpg,1,78,SmallObjects,Texforms,1,
01_78.jpg,1,78,SmallObjects,Texforms,3,
01_78.jpg,1,78,SmallObjects,Texforms,4,
01_78.jpg,1,78,SmallObjects,Texforms,2,
03_57.jpg,3,57,SmallObjects,Texforms,5,
03_57.jpg,3,57,SmallObjects,Texforms,5,
03_57.jpg,3,57,SmallObjects,Texforms,5,
03_57.jpg,3,57,SmallObjects,Texforms,4,
03_57.jpg,3,57,SmallObjects,Texforms,5,
03_57.jpg,3,57,SmallObjects,Texforms,5,
03_57.jpg,3,57,SmallObjects,Texforms,5,
03_57.jpg,3,57,SmallObjects,Texforms,5,
03_57.jpg,3,57,SmallObjects,Texforms,4,
03_57.jpg,3,57,SmallObjects,Texforms,5,
03_57.jpg,3,57,SmallObjects,Texforms,5,
03_57.jpg,3,57,SmallObjects,Texforms,3,
03_57.jpg,3,57,SmallObjects,Texforms,5,
03_57.jpg,3,57,SmallObjects,Texforms,4,
03_57.jpg,3,57,SmallObjects,Texforms,4,
03_57.jpg,3,57,SmallObjects,Texforms,3,
03_57.jpg,3,57,SmallObjects,Texforms,5,
03_57.jpg,3,57,SmallObjects,Texforms,4,
04_48.jpg,4,48,SmallObjects,Texforms,4,
04_48.jpg,4,48,SmallObjects,Texforms,5,
04_48.jpg,4,48,SmallObjects,Texforms,3,
04_48.jpg,4,48,SmallObjects,Texforms,4,
04_48.jpg,4,48,SmallObjects,Texforms,4,
04_48.jpg,4,48,SmallObjects,Texforms,4,
04_48.jpg,4,48,SmallObjects,Texforms,2,
04_48.jpg,4,48,SmallObjects,Texforms,4,
04_48.jpg,4,48,SmallObjects,Texforms,4,
04_48.jpg,4,48,SmallObjects,Texforms,4,
04_48.jpg,4,48,SmallObjects,Texforms,4,
04_48.jpg,4,48,SmallObjects,Texforms,4,
04_48.jpg,4,48,SmallObjects,Texforms,3,
04_48.jpg,4,48,SmallObjects,Texforms,4,
04_48.jpg,4,48,SmallObjects,Texforms,5,
04_48.jpg,4,48,SmallObjects,Texforms,4,
04_48.jpg,4,48,SmallObjects,Texforms,5,
04_48.jpg,4,48,SmallObjects,Texforms,3,
06_43.jpg,6,43,SmallObjects,Texforms,3,
06_43.jpg,6,43,SmallObjects,Texforms,2,
06_43.jpg,6,43,SmallObjects,Texforms,3,
06_43.jpg,6,43,SmallObjects,Texforms,1,
06_43.jpg,6,43,SmallObjects,Texforms,1,
06_43.jpg,6,43,SmallObjects,Texforms,2,
06_43.jpg,6,43,SmallObjects,Texforms,2,
06_43.jpg,6,43,SmallObjects,Texforms,2,
06_43.jpg,6,43,SmallObjects,Texforms,2,
06_43.jpg,6,43,SmallObjects,Texforms,2,
06_43.jpg,6,43,SmallObjects,Texforms,1,
06_43.jpg,6,43,SmallObjects,Texforms,3,
06_43.jpg,6,43,SmallObjects,Texforms,5,
06_43.jpg,6,43,SmallObjects,Texforms,2,
06_43.jpg,6,43,SmallObjects,Texforms,3,
06_43.jpg,6,43,SmallObjects,Texforms,3,
06_43.jpg,6,43,SmallObjects,Texforms,2,
06_43.jpg,6,43,SmallObjects,Texforms,2,
07_51.jpg,7,51,SmallObjects,Texforms,4,
07_51.jpg,7,51,SmallObjects,Texforms,1,
07_51.jpg,7,51,SmallObjects,Texforms,5,
07_51.jpg,7,51,SmallObjects,Texforms,1,
07_51.jpg,7,51,SmallObjects,Texforms,1,
07_51.jpg,7,51,SmallObjects,Texforms,2,
07_51.jpg,7,51,SmallObjects,Texforms,2,
07_51.jpg,7,51,SmallObjects,Texforms,1,
07_51.jpg,7,51,SmallObjects,Texforms,2,
07_51.jpg,7,51,SmallObjects,Texforms,2,
07_51.jpg,7,51,SmallObjects,Texforms,2,
07_51.jpg,7,51,SmallObjects,Texforms,3,
07_51.jpg,7,51,SmallObjects,Texforms,3,
07_51.jpg,7,51,SmallObjects,Texforms,1,
07_51.jpg,7,51,SmallObjects,Texforms,1,
07_51.jpg,7,51,SmallObjects,Texforms,3,
07_51.jpg,7,51,SmallObjects,Texforms,3,
07_51.jpg,7,51,SmallObjects,Texforms,2,
10_59.jpg,10,59,SmallObjects,Texforms,3,
10_59.jpg,10,59,SmallObjects,Texforms,4,
10_59.jpg,10,59,SmallObjects,Texforms,2,
10_59.jpg,10,59,SmallObjects,Texforms,2,
10_59.jpg,10,59,SmallObjects,Texforms,1,
10_59.jpg,10,59,SmallObjects,Texforms,2,
10_59.jpg,10,59,SmallObjects,Texforms,4,
10_59.jpg,10,59,SmallObjects,Texforms,3,
10_59.jpg,10,59,SmallObjects,Texforms,2,
10_59.jpg,10,59,SmallObjects,Texforms,4,
10_59.jpg,10,59,SmallObjects,Texforms,1,
10_59.jpg,10,59,SmallObjects,Texforms,3,
10_59.jpg,10,59,SmallObjects,Texforms,3,
10_59.jpg,10,59,SmallObjects,Texforms,3,
10_59.jpg,10,59,SmallObjects,Texforms,4,
10_59.jpg,10,59,SmallObjects,Texforms,3,
10_59.jpg,10,59,SmallObjects,Texforms,2,
10_59.jpg,10,59,SmallObjects,Texforms,4,
12_58.jpg,12,58,SmallObjects,Texforms,2,
12_58.jpg,12,58,SmallObjects,Texforms,2,
12_58.jpg,12,58,SmallObjects,Texforms,2,
12_58.jpg,12,58,SmallObjects,Texforms,1,
12_58.jpg,12,58,SmallObjects,Texforms,2,
12_58.jpg,12,58,SmallObjects,Texforms,2,
12_58.jpg,12,58,SmallObjects,Texforms,2,
12_58.jpg,12,58,SmallObjects,Texforms,2,
12_58.jpg,12,58,SmallObjects,Texforms,1,
12_58.jpg,12,58,SmallObjects,Texforms,4,
12_58.jpg,12,58,SmallObjects,Texforms,4,
12_58.jpg,12,58,SmallObjects,Texforms,3,
12_58.jpg,12,58,SmallObjects,Texforms,3,
12_58.jpg,12,58,SmallObjects,Texforms,4,
12_58.jpg,12,58,SmallObjects,Texforms,3,
12_58.jpg,12,58,SmallObjects,Texforms,4,
12_58.jpg,12,58,SmallObjects,Texforms,3,
12_58.jpg,12,58,SmallObjects,Texforms,3,
13_77.jpg,13,77,SmallObjects,Texforms,2,
13_77.jpg,13,77,SmallObjects,Texforms,2,
13_77.jpg,13,77,SmallObjects,Texforms,3,
13_77.jpg,13,77,SmallObjects,Texforms,1,
13_77.jpg,13,77,SmallObjects,Texforms,4,
13_77.jpg,13,77,SmallObjects,Texforms,2,
13_77.jpg,13,77,SmallObjects,Texforms,2,
13_77.jpg,13,77,SmallObjects,Texforms,2,
13_77.jpg,13,77,SmallObjects,Texforms,3,
13_77.jpg,13,77,SmallObjects,Texforms,2,
13_77.jpg,13,77,SmallObjects,Texforms,2,
13_77.jpg,13,77,SmallObjects,Texforms,3,
13_77.jpg,13,77,SmallObjects,Texforms,2,
13_77.jpg,13,77,SmallObjects,Texforms,2,
13_77.jpg,13,77,SmallObjects,Texforms,2,
13_77.jpg,13,77,SmallObjects,Texforms,3,
13_77.jpg,13,77,SmallObjects,Texforms,2,
13_77.jpg,13,77,SmallObjects,Texforms,2,
15_72.jpg,15,72,SmallObjects,Texforms,3,
15_72.jpg,15,72,SmallObjects,Texforms,3,
15_72.jpg,15,72,SmallObjects,Texforms,3,
15_72.jpg,15,72,SmallObjects,Texforms,1,
15_72.jpg,15,72,SmallObjects,Texforms,2,
15_72.jpg,15,72,SmallObjects,Texforms,2,
15_72.jpg,15,72,SmallObjects,Texforms,4,
15_72.jpg,15,72,SmallObjects,Texforms,2,
15_72.jpg,15,72,SmallObjects,Texforms,3,
15_72.jpg,15,72,SmallObjects,Texforms,2,
15_72.jpg,15,72,SmallObjects,Texforms,2,
15_72.jpg,15,72,SmallObjects,Texforms,3,
15_72.jpg,15,72,SmallObjects,Texforms,3,
15_72.jpg,15,72,SmallObjects,Texforms,1,
15_72.jpg,15,72,SmallObjects,Texforms,2,
15_72.jpg,15,72,SmallObjects,Texforms,3,
15_72.jpg,15,72,SmallObjects,Texforms,5,
15_72.jpg,15,72,SmallObjects,Texforms,2,
17_80.jpg,17,80,SmallObjects,Texforms,2,
17_80.jpg,17,80,SmallObjects,Texforms,1,
17_80.jpg,17,80,SmallObjects,Texforms,3,
17_80.jpg,17,80,SmallObjects,Texforms,1,
17_80.jpg,17,80,SmallObjects,Texforms,2,
17_80.jpg,17,80,SmallObjects,Texforms,2,
17_80.jpg,17,80,SmallObjects,Texforms,1,
17_80.jpg,17,80,SmallObjects,Texforms,2,
17_80.jpg,17,80,SmallObjects,Texforms,2,
17_80.jpg,17,80,SmallObjects,Texforms,2,
17_80.jpg,17,80,SmallObjects,Texforms,3,
17_80.jpg,17,80,SmallObjects,Texforms,3,
17_80.jpg,17,80,SmallObjects,Texforms,3,
17_80.jpg,17,80,SmallObjects,Texforms,2,
17_80.jpg,17,80,SmallObjects,Texforms,3,
17_80.jpg,17,80,SmallObjects,Texforms,3,
17_80.jpg,17,80,SmallObjects,Texforms,3,
17_80.jpg,17,80,SmallObjects,Texforms,2,
18_76.jpg,18,76,SmallObjects,Texforms,2,
18_76.jpg,18,76,SmallObjects,Texforms,1,
18_76.jpg,18,76,SmallObjects,Texforms,1,
18_76.jpg,18,76,SmallObjects,Texforms,1,
18_76.jpg,18,76,SmallObjects,Texforms,1,
18_76.jpg,18,76,SmallObjects,Texforms,2,
18_76.jpg,18,76,SmallObjects,Texforms,2,
18_76.jpg,18,76,SmallObjects,Texforms,1,
18_76.jpg,18,76,SmallObjects,Texforms,1,
18_76.jpg,18,76,SmallObjects,Texforms,3,
18_76.jpg,18,76,SmallObjects,Texforms,2,
18_76.jpg,18,76,SmallObjects,Texforms,3,
18_76.jpg,18,76,SmallObjects,Texforms,1,
18_76.jpg,18,76,SmallObjects,Texforms,1,
18_76.jpg,18,76,SmallObjects,Texforms,3,
18_76.jpg,18,76,SmallObjects,Texforms,3,
18_76.jpg,18,76,SmallObjects,Texforms,1,
18_76.jpg,18,76,SmallObjects,Texforms,3,
21_52.jpg,21,52,SmallObjects,Texforms,2,
21_52.jpg,21,52,SmallObjects,Texforms,1,
21_52.jpg,21,52,SmallObjects,Texforms,3,
21_52.jpg,21,52,SmallObjects,Texforms,1,
21_52.jpg,21,52,SmallObjects,Texforms,1,
21_52.jpg,21,52,SmallObjects,Texforms,2,
21_52.jpg,21,52,SmallObjects,Texforms,2,
21_52.jpg,21,52,SmallObjects,Texforms,1,
21_52.jpg,21,52,SmallObjects,Texforms,1,
21_52.jpg,21,52,SmallObjects,Texforms,2,
21_52.jpg,21,52,SmallObjects,Texforms,1,
21_52.jpg,21,52,SmallObjects,Texforms,3,
21_52.jpg,21,52,SmallObjects,Texforms,3,
21_52.jpg,21,52,SmallObjects,Texforms,2,
21_52.jpg,21,52,SmallObjects,Texforms,4,
21_52.jpg,21,52,SmallObjects,Texforms,3,
21_52.jpg,21,52,SmallObjects,Texforms,1,
21_52.jpg,21,52,SmallObjects,Texforms,2,
23_70.jpg,23,70,SmallObjects,Texforms,2,
23_70.jpg,23,70,SmallObjects,Texforms,2,
23_70.jpg,23,70,SmallObjects,Texforms,3,
23_70.jpg,23,70,SmallObjects,Texforms,1,
23_70.jpg,23,70,SmallObjects,Texforms,1,
23_70.jpg,23,70,SmallObjects,Texforms,2,
23_70.jpg,23,70,SmallObjects,Texforms,3,
23_70.jpg,23,70,SmallObjects,Texforms,2,
23_70.jpg,23,70,SmallObjects,Texforms,2,
23_70.jpg,23,70,SmallObjects,Texforms,3,
23_70.jpg,23,70,SmallObjects,Texforms,1,
23_70.jpg,23,70,SmallObjects,Texforms,3,
23_70.jpg,23,70,SmallObjects,Texforms,2,
23_70.jpg,23,70,SmallObjects,Texforms,1,
23_70.jpg,23,70,SmallObjects,Texforms,2,
23_70.jpg,23,70,SmallObjects,Texforms,3,
23_70.jpg,23,70,SmallObjects,Texforms,3,
23_70.jpg,23,70,SmallObjects,Texforms,2,
24_61.jpg,24,61,SmallObjects,Texforms,2,
24_61.jpg,24,61,SmallObjects,Texforms,1,
24_61.jpg,24,61,SmallObjects,Texforms,2,
24_61.jpg,24,61,SmallObjects,Texforms,1,
24_61.jpg,24,61,SmallObjects,Texforms,2,
24_61.jpg,24,61,SmallObjects,Texforms,2,
24_61.jpg,24,61,SmallObjects,Texforms,1,
24_61.jpg,24,61,SmallObjects,Texforms,2,
24_61.jpg,24,61,SmallObjects,Texforms,2,
24_61.jpg,24,61,SmallObjects,Texforms,2,
24_61.jpg,24,61,SmallObjects,Texforms,2,
24_61.jpg,24,61,SmallObjects,Texforms,3,
24_61.jpg,24,61,SmallObjects,Texforms,3,
24_61.jpg,24,61,SmallObjects,Texforms,1,
24_61.jpg,24,61,SmallObjects,Texforms,3,
24_61.jpg,24,61,SmallObjects,Texforms,3,
24_61.jpg,24,61,SmallObjects,Texforms,1,
24_61.jpg,24,61,SmallObjects,Texforms,2,
28_47.jpg,28,47,SmallObjects,Texforms,2,
28_47.jpg,28,47,SmallObjects,Texforms,2,
28_47.jpg,28,47,SmallObjects,Texforms,2,
28_47.jpg,28,47,SmallObjects,Texforms,1,
28_47.jpg,28,47,SmallObjects,Texforms,2,
28_47.jpg,28,47,SmallObjects,Texforms,2,
28_47.jpg,28,47,SmallObjects,Texforms,2,
28_47.jpg,28,47,SmallObjects,Texforms,2,
28_47.jpg,28,47,SmallObjects,Texforms,4,
28_47.jpg,28,47,SmallObjects,Texforms,5,
28_47.jpg,28,47,SmallObjects,Texforms,1,
28_47.jpg,28,47,SmallObjects,Texforms,3,
28_47.jpg,28,47,SmallObjects,Texforms,2,
28_47.jpg,28,47,SmallObjects,Texforms,1,
28_47.jpg,28,47,SmallObjects,Texforms,2,
28_47.jpg,28,47,SmallObjects,Texforms,3,
28_47.jpg,28,47,SmallObjects,Texforms,5,
28_47.jpg,28,47,SmallObjects,Texforms,2,
01_07.png,1,7,BigObjects,Originals,4,
01_07.png,1,7,BigObjects,Originals,5,
01_07.png,1,7,BigObjects,Originals,3,
01_07.png,1,7,BigObjects,Originals,2,
01_07.png,1,7,BigObjects,Originals,3,
01_07.png,1,7,BigObjects,Originals,4,
01_07.png,1,7,BigObjects,Originals,2,
01_07.png,1,7,BigObjects,Originals,5,
01_07.png,1,7,BigObjects,Originals,5,
01_07.png,1,7,BigObjects,Originals,5,
01_07.png,1,7,BigObjects,Originals,3,
01_07.png,1,7,BigObjects,Originals,4,
01_07.png,1,7,BigObjects,Originals,4,
01_07.png,1,7,BigObjects,Originals,3,
01_07.png,1,7,BigObjects,Originals,5,
01_07.png,1,7,BigObjects,Originals,3,
01_07.png,1,7,BigObjects,Originals,4,
03_36.png,3,36,BigObjects,Originals,2,
03_36.png,3,36,BigObjects,Originals,1,
03_36.png,3,36,BigObjects,Originals,1,
03_36.png,3,36,BigObjects,Originals,2,
03_36.png,3,36,BigObjects,Originals,1,
03_36.png,3,36,BigObjects,Originals,1,
03_36.png,3,36,BigObjects,Originals,2,
03_36.png,3,36,BigObjects,Originals,3,
03_36.png,3,36,BigObjects,Originals,2,
03_36.png,3,36,BigObjects,Originals,2,
03_36.png,3,36,BigObjects,Originals,1,
03_36.png,3,36,BigObjects,Originals,2,
03_36.png,3,36,BigObjects,Originals,2,
03_36.png,3,36,BigObjects,Originals,2,
03_36.png,3,36,BigObjects,Originals,2,
03_36.png,3,36,BigObjects,Originals,1,
03_36.png,3,36,BigObjects,Originals,2,
04_05.png,4,5,BigObjects,Originals,3,
04_05.png,4,5,BigObjects,Originals,2,
04_05.png,4,5,BigObjects,Originals,2,
04_05.png,4,5,BigObjects,Originals,4,
04_05.png,4,5,BigObjects,Originals,1,
04_05.png,4,5,BigObjects,Originals,3,
04_05.png,4,5,BigObjects,Originals,2,
04_05.png,4,5,BigObjects,Originals,1,
04_05.png,4,5,BigObjects,Originals,4,
04_05.png,4,5,BigObjects,Originals,2,
04_05.png,4,5,BigObjects,Originals,3,
04_05.png,4,5,BigObjects,Originals,2,
04_05.png,4,5,BigObjects,Originals,4,
04_05.png,4,5,BigObjects,Originals,3,
04_05.png,4,5,BigObjects,Originals,4,
04_05.png,4,5,BigObjects,Originals,3,
04_05.png,4,5,BigObjects,Originals,3,
06_02.png,6,2,BigObjects,Originals,1,
06_02.png,6,2,BigObjects,Originals,2,
06_02.png,6,2,BigObjects,Originals,2,
06_02.png,6,2,BigObjects,Originals,4,
06_02.png,6,2,BigObjects,Originals,1,
06_02.png,6,2,BigObjects,Originals,3,
06_02.png,6,2,BigObjects,Originals,1,
06_02.png,6,2,BigObjects,Originals,2,
06_02.png,6,2,BigObjects,Originals,2,
06_02.png,6,2,BigObjects,Originals,2,
06_02.png,6,2,BigObjects,Originals,1,
06_02.png,6,2,BigObjects,Originals,3,
06_02.png,6,2,BigObjects,Originals,3,
06_02.png,6,2,BigObjects,Originals,2,
06_02.png,6,2,BigObjects,Originals,2,
06_02.png,6,2,BigObjects,Originals,3,
06_02.png,6,2,BigObjects,Originals,2,
07_33.png,7,33,BigObjects,Originals,3,
07_33.png,7,33,BigObjects,Originals,3,
07_33.png,7,33,BigObjects,Originals,1,
07_33.png,7,33,BigObjects,Originals,3,
07_33.png,7,33,BigObjects,Originals,2,
07_33.png,7,33,BigObjects,Originals,2,
07_33.png,7,33,BigObjects,Originals,2,
07_33.png,7,33,BigObjects,Originals,2,
07_33.png,7,33,BigObjects,Originals,2,
07_33.png,7,33,BigObjects,Originals,2,
07_33.png,7,33,BigObjects,Originals,2,
07_33.png,7,33,BigObjects,Originals,2,
07_33.png,7,33,BigObjects,Originals,3,
07_33.png,7,33,BigObjects,Originals,2,
07_33.png,7,33,BigObjects,Originals,2,
07_33.png,7,33,BigObjects,Originals,4,
07_33.png,7,33,BigObjects,Originals,2,
10_09.png,10,9,BigObjects,Originals,5,
10_09.png,10,9,BigObjects,Originals,5,
10_09.png,10,9,BigObjects,Originals,4,
10_09.png,10,9,BigObjects,Originals,4,
10_09.png,10,9,BigObjects,Originals,4,
10_09.png,10,9,BigObjects,Originals,4,
10_09.png,10,9,BigObjects,Originals,4,
10_09.png,10,9,BigObjects,Originals,3,
10_09.png,10,9,BigObjects,Originals,5,
10_09.png,10,9,BigObjects,Originals,4,
10_09.png,10,9,BigObjects,Originals,5,
10_09.png,10,9,BigObjects,Originals,4,
10_09.png,10,9,BigObjects,Originals,5,
10_09.png,10,9,BigObjects,Originals,4,
10_09.png,10,9,BigObjects,Originals,5,
10_09.png,10,9,BigObjects,Originals,3,
10_09.png,10,9,BigObjects,Originals,5,
12_13.png,12,13,BigObjects,Originals,3,
12_13.png,12,13,BigObjects,Originals,4,
12_13.png,12,13,BigObjects,Originals,3,
12_13.png,12,13,BigObjects,Originals,4,
12_13.png,12,13,BigObjects,Originals,2,
12_13.png,12,13,BigObjects,Originals,3,
12_13.png,12,13,BigObjects,Originals,4,
12_13.png,12,13,BigObjects,Originals,4,
12_13.png,12,13,BigObjects,Originals,3,
12_13.png,12,13,BigObjects,Originals,4,
12_13.png,12,13,BigObjects,Originals,3,
12_13.png,12,13,BigObjects,Originals,4,
12_13.png,12,13,BigObjects,Originals,4,
12_13.png,12,13,BigObjects,Originals,3,
12_13.png,12,13,BigObjects,Originals,3,
12_13.png,12,13,BigObjects,Originals,3,
12_13.png,12,13,BigObjects,Originals,4,
13_19.png,13,19,BigObjects,Originals,5,
13_19.png,13,19,BigObjects,Originals,5,
13_19.png,13,19,BigObjects,Originals,5,
13_19.png,13,19,BigObjects,Originals,5,
13_19.png,13,19,BigObjects,Originals,5,
13_19.png,13,19,BigObjects,Originals,5,
13_19.png,13,19,BigObjects,Originals,5,
13_19.png,13,19,BigObjects,Originals,5,
13_19.png,13,19,BigObjects,Originals,5,
13_19.png,13,19,BigObjects,Originals,5,
13_19.png,13,19,BigObjects,Originals,5,
13_19.png,13,19,BigObjects,Originals,5,
13_19.png,13,19,BigObjects,Originals,5,
13_19.png,13,19,BigObjects,Originals,5,
13_19.png,13,19,BigObjects,Originals,5,
13_19.png,13,19,BigObjects,Originals,5,
13_19.png,13,19,BigObjects,Originals,5,
15_29.png,15,29,BigObjects,Originals,4,
15_29.png,15,29,BigObjects,Originals,2,
15_29.png,15,29,BigObjects,Originals,3,
15_29.png,15,29,BigObjects,Originals,1,
15_29.png,15,29,BigObjects,Originals,4,
15_29.png,15,29,BigObjects,Originals,4,
15_29.png,15,29,BigObjects,Originals,2,
15_29.png,15,29,BigObjects,Originals,4,
15_29.png,15,29,BigObjects,Originals,5,
15_29.png,15,29,BigObjects,Originals,3,
15_29.png,15,29,BigObjects,Originals,2,
15_29.png,15,29,BigObjects,Originals,5,
15_29.png,15,29,BigObjects,Originals,1,
15_29.png,15,29,BigObjects,Originals,4,
15_29.png,15,29,BigObjects,Originals,1,
15_29.png,15,29,BigObjects,Originals,3,
15_29.png,15,29,BigObjects,Originals,4,
17_21.png,17,21,BigObjects,Originals,3,
17_21.png,17,21,BigObjects,Originals,3,
17_21.png,17,21,BigObjects,Originals,4,
17_21.png,17,21,BigObjects,Originals,2,
17_21.png,17,21,BigObjects,Originals,3,
17_21.png,17,21,BigObjects,Originals,3,
17_21.png,17,21,BigObjects,Originals,5,
17_21.png,17,21,BigObjects,Originals,2,
17_21.png,17,21,BigObjects,Originals,3,
17_21.png,17,21,BigObjects,Originals,4,
17_21.png,17,21,BigObjects,Originals,3,
17_21.png,17,21,BigObjects,Originals,3,
17_21.png,17,21,BigObjects,Originals,3,
17_21.png,17,21,BigObjects,Originals,4,
17_21.png,17,21,BigObjects,Originals,3,
17_21.png,17,21,BigObjects,Originals,3,
17_21.png,17,21,BigObjects,Originals,4,
18_23.png,18,23,BigObjects,Originals,5,
18_23.png,18,23,BigObjects,Originals,5,
18_23.png,18,23,BigObjects,Originals,4,
18_23.png,18,23,BigObjects,Originals,4,
18_23.png,18,23,BigObjects,Originals,5,
18_23.png,18,23,BigObjects,Originals,4,
18_23.png,18,23,BigObjects,Originals,5,
18_23.png,18,23,BigObjects,Originals,5,
18_23.png,18,23,BigObjects,Originals,4,
18_23.png,18,23,BigObjects,Originals,4,
18_23.png,18,23,BigObjects,Originals,4,
18_23.png,18,23,BigObjects,Originals,4,
18_23.png,18,23,BigObjects,Originals,5,
18_23.png,18,23,BigObjects,Originals,4,
18_23.png,18,23,BigObjects,Originals,5,
18_23.png,18,23,BigObjects,Originals,4,
18_23.png,18,23,BigObjects,Originals,5,
21_31.png,21,31,BigObjects,Originals,3,
21_31.png,21,31,BigObjects,Originals,3,
21_31.png,21,31,BigObjects,Originals,3,
21_31.png,21,31,BigObjects,Originals,2,
21_31.png,21,31,BigObjects,Originals,1,
21_31.png,21,31,BigObjects,Originals,3,
21_31.png,21,31,BigObjects,Originals,2,
21_31.png,21,31,BigObjects,Originals,1,
21_31.png,21,31,BigObjects,Originals,2,
21_31.png,21,31,BigObjects,Originals,2,
21_31.png,21,31,BigObjects,Originals,2,
21_31.png,21,31,BigObjects,Originals,3,
21_31.png,21,31,BigObjects,Originals,4,
21_31.png,21,31,BigObjects,Originals,2,
21_31.png,21,31,BigObjects,Originals,2,
21_31.png,21,31,BigObjects,Originals,2,
21_31.png,21,31,BigObjects,Originals,2,
23_16.png,23,16,BigObjects,Originals,4,
23_16.png,23,16,BigObjects,Originals,5,
23_16.png,23,16,BigObjects,Originals,4,
23_16.png,23,16,BigObjects,Originals,5,
23_16.png,23,16,BigObjects,Originals,5,
23_16.png,23,16,BigObjects,Originals,4,
23_16.png,23,16,BigObjects,Originals,4,
23_16.png,23,16,BigObjects,Originals,3,
23_16.png,23,16,BigObjects,Originals,5,
23_16.png,23,16,BigObjects,Originals,4,
23_16.png,23,16,BigObjects,Originals,4,
23_16.png,23,16,BigObjects,Originals,4,
23_16.png,23,16,BigObjects,Originals,4,
23_16.png,23,16,BigObjects,Originals,4,
23_16.png,23,16,BigObjects,Originals,3,
23_16.png,23,16,BigObjects,Originals,4,
23_16.png,23,16,BigObjects,Originals,4,
24_06.png,24,6,BigObjects,Originals,5,
24_06.png,24,6,BigObjects,Originals,5,
24_06.png,24,6,BigObjects,Originals,5,
24_06.png,24,6,BigObjects,Originals,5,
24_06.png,24,6,BigObjects,Originals,5,
24_06.png,24,6,BigObjects,Originals,5,
24_06.png,24,6,BigObjects,Originals,5,
24_06.png,24,6,BigObjects,Originals,5,
24_06.png,24,6,BigObjects,Originals,5,
24_06.png,24,6,BigObjects,Originals,5,
24_06.png,24,6,BigObjects,Originals,5,
24_06.png,24,6,BigObjects,Originals,5,
24_06.png,24,6,BigObjects,Originals,5,
24_06.png,24,6,BigObjects,Originals,5,
24_06.png,24,6,BigObjects,Originals,5,
24_06.png,24,6,BigObjects,Originals,4,
24_06.png,24,6,BigObjects,Originals,5,
28_12.png,28,12,BigObjects,Originals,5,
28_12.png,28,12,BigObjects,Originals,5,
28_12.png,28,12,BigObjects,Originals,5,
28_12.png,28,12,BigObjects,Originals,5,
28_12.png,28,12,BigObjects,Originals,5,
28_12.png,28,12,BigObjects,Originals,5,
28_12.png,28,12,BigObjects,Originals,5,
28_12.png,28,12,BigObjects,Originals,5,
28_12.png,28,12,BigObjects,Originals,5,
28_12.png,28,12,BigObjects,Originals,5,
28_12.png,28,12,BigObjects,Originals,5,
28_12.png,28,12,BigObjects,Originals,5,
28_12.png,28,12,BigObjects,Originals,5,
28_12.png,28,12,BigObjects,Originals,5,
28_12.png,28,12,BigObjects,Originals,5,
28_12.png,28,12,BigObjects,Originals,5,
28_12.png,28,12,BigObjects,Originals,5,
01_78.png,1,78,SmallObjects,Originals,4,
01_78.png,1,78,SmallObjects,Originals,5,
01_78.png,1,78,SmallObjects,Originals,3,
01_78.png,1,78,SmallObjects,Originals,4,
01_78.png,1,78,SmallObjects,Originals,3,
01_78.png,1,78,SmallObjects,Originals,4,
01_78.png,1,78,SmallObjects,Originals,4,
01_78.png,1,78,SmallObjects,Originals,3,
01_78.png,1,78,SmallObjects,Originals,4,
01_78.png,1,78,SmallObjects,Originals,3,
01_78.png,1,78,SmallObjects,Originals,4,
01_78.png,1,78,SmallObjects,Originals,4,
01_78.png,1,78,SmallObjects,Originals,4,
01_78.png,1,78,SmallObjects,Originals,4,
01_78.png,1,78,SmallObjects,Originals,4,
01_78.png,1,78,SmallObjects,Originals,4,
01_78.png,1,78,SmallObjects,Originals,2,
03_57.png,3,57,SmallObjects,Originals,5,
03_57.png,3,57,SmallObjects,Originals,5,
03_57.png,3,57,SmallObjects,Originals,5,
03_57.png,3,57,SmallObjects,Originals,5,
03_57.png,3,57,SmallObjects,Originals,5,
03_57.png,3,57,SmallObjects,Originals,5,
03_57.png,3,57,SmallObjects,Originals,4,
03_57.png,3,57,SmallObjects,Originals,5,
03_57.png,3,57,SmallObjects,Originals,4,
03_57.png,3,57,SmallObjects,Originals,5,
03_57.png,3,57,SmallObjects,Originals,4,
03_57.png,3,57,SmallObjects,Originals,5,
03_57.png,3,57,SmallObjects,Originals,5,
03_57.png,3,57,SmallObjects,Originals,5,
03_57.png,3,57,SmallObjects,Originals,4,
03_57.png,3,57,SmallObjects,Originals,5,
03_57.png,3,57,SmallObjects,Originals,5,
04_48.png,4,48,SmallObjects,Originals,4,
04_48.png,4,48,SmallObjects,Originals,3,
04_48.png,4,48,SmallObjects,Originals,2,
04_48.png,4,48,SmallObjects,Originals,4,
04_48.png,4,48,SmallObjects,Originals,1,
04_48.png,4,48,SmallObjects,Originals,3,
04_48.png,4,48,SmallObjects,Originals,4,
04_48.png,4,48,SmallObjects,Originals,1,
04_48.png,4,48,SmallObjects,Originals,4,
04_48.png,4,48,SmallObjects,Originals,3,
04_48.png,4,48,SmallObjects,Originals,2,
04_48.png,4,48,SmallObjects,Originals,4,
04_48.png,4,48,SmallObjects,Originals,3,
04_48.png,4,48,SmallObjects,Originals,2,
04_48.png,4,48,SmallObjects,Originals,4,
04_48.png,4,48,SmallObjects,Originals,2,
04_48.png,4,48,SmallObjects,Originals,2,
06_43.png,6,43,SmallObjects,Originals,3,
06_43.png,6,43,SmallObjects,Originals,4,
06_43.png,6,43,SmallObjects,Originals,2,
06_43.png,6,43,SmallObjects,Originals,5,
06_43.png,6,43,SmallObjects,Originals,3,
06_43.png,6,43,SmallObjects,Originals,3,
06_43.png,6,43,SmallObjects,Originals,5,
06_43.png,6,43,SmallObjects,Originals,2,
06_43.png,6,43,SmallObjects,Originals,3,
06_43.png,6,43,SmallObjects,Originals,4,
06_43.png,6,43,SmallObjects,Originals,3,
06_43.png,6,43,SmallObjects,Originals,4,
06_43.png,6,43,SmallObjects,Originals,4,
06_43.png,6,43,SmallObjects,Originals,4,
06_43.png,6,43,SmallObjects,Originals,3,
06_43.png,6,43,SmallObjects,Originals,4,
06_43.png,6,43,SmallObjects,Originals,4,
07_51.png,7,51,SmallObjects,Originals,1,
07_51.png,7,51,SmallObjects,Originals,2,
07_51.png,7,51,SmallObjects,Originals,1,
07_51.png,7,51,SmallObjects,Originals,2,
07_51.png,7,51,SmallObjects,Originals,1,
07_51.png,7,51,SmallObjects,Originals,2,
07_51.png,7,51,SmallObjects,Originals,1,
07_51.png,7,51,SmallObjects,Originals,2,
07_51.png,7,51,SmallObjects,Originals,3,
07_51.png,7,51,SmallObjects,Originals,1,
07_51.png,7,51,SmallObjects,Originals,1,
07_51.png,7,51,SmallObjects,Originals,2,
07_51.png,7,51,SmallObjects,Originals,1,
07_51.png,7,51,SmallObjects,Originals,1,
07_51.png,7,51,SmallObjects,Originals,1,
07_51.png,7,51,SmallObjects,Originals,5,
07_51.png,7,51,SmallObjects,Originals,5,
10_59.png,10,59,SmallObjects,Originals,3,
10_59.png,10,59,SmallObjects,Originals,5,
10_59.png,10,59,SmallObjects,Originals,4,
10_59.png,10,59,SmallObjects,Originals,4,
10_59.png,10,59,SmallObjects,Originals,3,
10_59.png,10,59,SmallObjects,Originals,3,
10_59.png,10,59,SmallObjects,Originals,5,
10_59.png,10,59,SmallObjects,Originals,2,
10_59.png,10,59,SmallObjects,Originals,5,
10_59.png,10,59,SmallObjects,Originals,3,
10_59.png,10,59,SmallObjects,Originals,3,
10_59.png,10,59,SmallObjects,Originals,3,
10_59.png,10,59,SmallObjects,Originals,4,
10_59.png,10,59,SmallObjects,Originals,4,
10_59.png,10,59,SmallObjects,Originals,4,
10_59.png,10,59,SmallObjects,Originals,3,
10_59.png,10,59,SmallObjects,Originals,3,
12_58.png,12,58,SmallObjects,Originals,5,
12_58.png,12,58,SmallObjects,Originals,5,
12_58.png,12,58,SmallObjects,Originals,5,
12_58.png,12,58,SmallObjects,Originals,4,
12_58.png,12,58,SmallObjects,Originals,3,
12_58.png,12,58,SmallObjects,Originals,4,
12_58.png,12,58,SmallObjects,Originals,4,
12_58.png,12,58,SmallObjects,Originals,3,
12_58.png,12,58,SmallObjects,Originals,5,
12_58.png,12,58,SmallObjects,Originals,4,
12_58.png,12,58,SmallObjects,Originals,4,
12_58.png,12,58,SmallObjects,Originals,5,
12_58.png,12,58,SmallObjects,Originals,4,
12_58.png,12,58,SmallObjects,Originals,4,
12_58.png,12,58,SmallObjects,Originals,4,
12_58.png,12,58,SmallObjects,Originals,4,
12_58.png,12,58,SmallObjects,Originals,4,
13_77.png,13,77,SmallObjects,Originals,1,
13_77.png,13,77,SmallObjects,Originals,2,
13_77.png,13,77,SmallObjects,Originals,1,
13_77.png,13,77,SmallObjects,Originals,4,
13_77.png,13,77,SmallObjects,Originals,1,
13_77.png,13,77,SmallObjects,Originals,2,
13_77.png,13,77,SmallObjects,Originals,2,
13_77.png,13,77,SmallObjects,Originals,2,
13_77.png,13,77,SmallObjects,Originals,1,
13_77.png,13,77,SmallObjects,Originals,1,
13_77.png,13,77,SmallObjects,Originals,1,
13_77.png,13,77,SmallObjects,Originals,1,
13_77.png,13,77,SmallObjects,Originals,1,
13_77.png,13,77,SmallObjects,Originals,2,
13_77.png,13,77,SmallObjects,Originals,1,
13_77.png,13,77,SmallObjects,Originals,2,
13_77.png,13,77,SmallObjects,Originals,1,
15_72.png,15,72,SmallObjects,Originals,2,
15_72.png,15,72,SmallObjects,Originals,1,
15_72.png,15,72,SmallObjects,Originals,1,
15_72.png,15,72,SmallObjects,Originals,2,
15_72.png,15,72,SmallObjects,Originals,2,
15_72.png,15,72,SmallObjects,Originals,3,
15_72.png,15,72,SmallObjects,Originals,2,
15_72.png,15,72,SmallObjects,Originals,2,
15_72.png,15,72,SmallObjects,Originals,3,
15_72.png,15,72,SmallObjects,Originals,2,
15_72.png,15,72,SmallObjects,Originals,1,
15_72.png,15,72,SmallObjects,Originals,1,
15_72.png,15,72,SmallObjects,Originals,2,
15_72.png,15,72,SmallObjects,Originals,2,
15_72.png,15,72,SmallObjects,Originals,2,
15_72.png,15,72,SmallObjects,Originals,3,
15_72.png,15,72,SmallObjects,Originals,1,
17_80.png,17,80,SmallObjects,Originals,2,
17_80.png,17,80,SmallObjects,Originals,1,
17_80.png,17,80,SmallObjects,Originals,1,
17_80.png,17,80,SmallObjects,Originals,3,
17_80.png,17,80,SmallObjects,Originals,2,
17_80.png,17,80,SmallObjects,Originals,2,
17_80.png,17,80,SmallObjects,Originals,1,
17_80.png,17,80,SmallObjects,Originals,2,
17_80.png,17,80,SmallObjects,Originals,3,
17_80.png,17,80,SmallObjects,Originals,2,
17_80.png,17,80,SmallObjects,Originals,1,
17_80.png,17,80,SmallObjects,Originals,2,
17_80.png,17,80,SmallObjects,Originals,3,
17_80.png,17,80,SmallObjects,Originals,2,
17_80.png,17,80,SmallObjects,Originals,1,
17_80.png,17,80,SmallObjects,Originals,4,
17_80.png,17,80,SmallObjects,Originals,1,
18_76.png,18,76,SmallObjects,Originals,2,
18_76.png,18,76,SmallObjects,Originals,3,
18_76.png,18,76,SmallObjects,Originals,2,
18_76.png,18,76,SmallObjects,Originals,3,
18_76.png,18,76,SmallObjects,Originals,1,
18_76.png,18,76,SmallObjects,Originals,2,
18_76.png,18,76,SmallObjects,Originals,2,
18_76.png,18,76,SmallObjects,Originals,2,
18_76.png,18,76,SmallObjects,Originals,3,
18_76.png,18,76,SmallObjects,Originals,2,
18_76.png,18,76,SmallObjects,Originals,2,
18_76.png,18,76,SmallObjects,Originals,3,
18_76.png,18,76,SmallObjects,Originals,2,
18_76.png,18,76,SmallObjects,Originals,2,
18_76.png,18,76,SmallObjects,Originals,3,
18_76.png,18,76,SmallObjects,Originals,2,
18_76.png,18,76,SmallObjects,Originals,2,
21_52.png,21,52,SmallObjects,Originals,2,
21_52.png,21,52,SmallObjects,Originals,1,
21_52.png,21,52,SmallObjects,Originals,1,
21_52.png,21,52,SmallObjects,Originals,2,
21_52.png,21,52,SmallObjects,Originals,1,
21_52.png,21,52,SmallObjects,Originals,3,
21_52.png,21,52,SmallObjects,Originals,1,
21_52.png,21,52,SmallObjects,Originals,1,
21_52.png,21,52,SmallObjects,Originals,2,
21_52.png,21,52,SmallObjects,Originals,1,
21_52.png,21,52,SmallObjects,Originals,1,
21_52.png,21,52,SmallObjects,Originals,2,
21_52.png,21,52,SmallObjects,Originals,1,
21_52.png,21,52,SmallObjects,Originals,2,
21_52.png,21,52,SmallObjects,Originals,1,
21_52.png,21,52,SmallObjects,Originals,3,
21_52.png,21,52,SmallObjects,Originals,1,
23_70.png,23,70,SmallObjects,Originals,3,
23_70.png,23,70,SmallObjects,Originals,2,
23_70.png,23,70,SmallObjects,Originals,1,
23_70.png,23,70,SmallObjects,Originals,1,
23_70.png,23,70,SmallObjects,Originals,2,
23_70.png,23,70,SmallObjects,Originals,1,
23_70.png,23,70,SmallObjects,Originals,2,
23_70.png,23,70,SmallObjects,Originals,1,
23_70.png,23,70,SmallObjects,Originals,3,
23_70.png,23,70,SmallObjects,Originals,2,
23_70.png,23,70,SmallObjects,Originals,1,
23_70.png,23,70,SmallObjects,Originals,2,
23_70.png,23,70,SmallObjects,Originals,1,
23_70.png,23,70,SmallObjects,Originals,2,
23_70.png,23,70,SmallObjects,Originals,1,
23_70.png,23,70,SmallObjects,Originals,2,
23_70.png,23,70,SmallObjects,Originals,1,
24_61.png,24,61,SmallObjects,Originals,4,
24_61.png,24,61,SmallObjects,Originals,5,
24_61.png,24,61,SmallObjects,Originals,5,
24_61.png,24,61,SmallObjects,Originals,4,
24_61.png,24,61,SmallObjects,Originals,3,
24_61.png,24,61,SmallObjects,Originals,4,
24_61.png,24,61,SmallObjects,Originals,4,
24_61.png,24,61,SmallObjects,Originals,4,
24_61.png,24,61,SmallObjects,Originals,5,
24_61.png,24,61,SmallObjects,Originals,4,
24_61.png,24,61,SmallObjects,Originals,4,
24_61.png,24,61,SmallObjects,Originals,4,
24_61.png,24,61,SmallObjects,Originals,4,
24_61.png,24,61,SmallObjects,Originals,4,
24_61.png,24,61,SmallObjects,Originals,5,
24_61.png,24,61,SmallObjects,Originals,5,
24_61.png,24,61,SmallObjects,Originals,4,
28_47.png,28,47,SmallObjects,Originals,3,
28_47.png,28,47,SmallObjects,Originals,2,
28_47.png,28,47,SmallObjects,Originals,1,
28_47.png,28,47,SmallObjects,Originals,4,
28_47.png,28,47,SmallObjects,Originals,3,
28_47.png,28,47,SmallObjects,Originals,4,
28_47.png,28,47,SmallObjects,Originals,2,
28_47.png,28,47,SmallObjects,Originals,4,
28_47.png,28,47,SmallObjects,Originals,4,
28_47.png,28,47,SmallObjects,Originals,2,
28_47.png,28,47,SmallObjects,Originals,3,
28_47.png,28,47,SmallObjects,Originals,3,
28_47.png,28,47,SmallObjects,Originals,3,
28_47.png,28,47,SmallObjects,Originals,3,
28_47.png,28,47,SmallObjects,Originals,2,
28_47.png,28,47,SmallObjects,Originals,3,
28_47.png,28,47,SmallObjects,Originals,3,
02_08.jpg,2,8,BigObjects,Texforms,2,
02_08.jpg,2,8,BigObjects,Texforms,1,
02_08.jpg,2,8,BigObjects,Texforms,3,
02_08.jpg,2,8,BigObjects,Texforms,2,
02_08.jpg,2,8,BigObjects,Texforms,1,
02_08.jpg,2,8,BigObjects,Texforms,2,
02_08.jpg,2,8,BigObjects,Texforms,3,
02_08.jpg,2,8,BigObjects,Texforms,3,
02_08.jpg,2,8,BigObjects,Texforms,3,
02_08.jpg,2,8,BigObjects,Texforms,1,
02_08.jpg,2,8,BigObjects,Texforms,1,
02_08.jpg,2,8,BigObjects,Texforms,1,
02_08.jpg,2,8,BigObjects,Texforms,2,
02_08.jpg,2,8,BigObjects,Texforms,2,
02_08.jpg,2,8,BigObjects,Texforms,2,
02_08.jpg,2,8,BigObjects,Texforms,2,
02_08.jpg,2,8,BigObjects,Texforms,1,
05_25.jpg,5,25,BigObjects,Texforms,2,
05_25.jpg,5,25,BigObjects,Texforms,2,
05_25.jpg,5,25,BigObjects,Texforms,4,
05_25.jpg,5,25,BigObjects,Texforms,2,
05_25.jpg,5,25,BigObjects,Texforms,2,
05_25.jpg,5,25,BigObjects,Texforms,2,
05_25.jpg,5,25,BigObjects,Texforms,3,
05_25.jpg,5,25,BigObjects,Texforms,3,
05_25.jpg,5,25,BigObjects,Texforms,2,
05_25.jpg,5,25,BigObjects,Texforms,2,
05_25.jpg,5,25,BigObjects,Texforms,1,
05_25.jpg,5,25,BigObjects,Texforms,2,
05_25.jpg,5,25,BigObjects,Texforms,1,
05_25.jpg,5,25,BigObjects,Texforms,2,
05_25.jpg,5,25,BigObjects,Texforms,2,
05_25.jpg,5,25,BigObjects,Texforms,3,
05_25.jpg,5,25,BigObjects,Texforms,1,
08_35.jpg,8,35,BigObjects,Texforms,3,
08_35.jpg,8,35,BigObjects,Texforms,2,
08_35.jpg,8,35,BigObjects,Texforms,3,
08_35.jpg,8,35,BigObjects,Texforms,2,
08_35.jpg,8,35,BigObjects,Texforms,1,
08_35.jpg,8,35,BigObjects,Texforms,1,
08_35.jpg,8,35,BigObjects,Texforms,2,
08_35.jpg,8,35,BigObjects,Texforms,2,
08_35.jpg,8,35,BigObjects,Texforms,2,
08_35.jpg,8,35,BigObjects,Texforms,1,
08_35.jpg,8,35,BigObjects,Texforms,2,
08_35.jpg,8,35,BigObjects,Texforms,2,
08_35.jpg,8,35,BigObjects,Texforms,1,
08_35.jpg,8,35,BigObjects,Texforms,2,
08_35.jpg,8,35,BigObjects,Texforms,3,
08_35.jpg,8,35,BigObjects,Texforms,3,
08_35.jpg,8,35,BigObjects,Texforms,2,
09_15.jpg,9,15,BigObjects,Texforms,2,
09_15.jpg,9,15,BigObjects,Texforms,1,
09_15.jpg,9,15,BigObjects,Texforms,2,
09_15.jpg,9,15,BigObjects,Texforms,2,
09_15.jpg,9,15,BigObjects,Texforms,3,
09_15.jpg,9,15,BigObjects,Texforms,3,
09_15.jpg,9,15,BigObjects,Texforms,2,
09_15.jpg,9,15,BigObjects,Texforms,5,
09_15.jpg,9,15,BigObjects,Texforms,3,
09_15.jpg,9,15,BigObjects,Texforms,3,
09_15.jpg,9,15,BigObjects,Texforms,1,
09_15.jpg,9,15,BigObjects,Texforms,4,
09_15.jpg,9,15,BigObjects,Texforms,1,
09_15.jpg,9,15,BigObjects,Texforms,2,
09_15.jpg,9,15,BigObjects,Texforms,1,
09_15.jpg,9,15,BigObjects,Texforms,3,
09_15.jpg,9,15,BigObjects,Texforms,3,
11_40.jpg,11,40,BigObjects,Texforms,3,
11_40.jpg,11,40,BigObjects,Texforms,1,
11_40.jpg,11,40,BigObjects,Texforms,4,
11_40.jpg,11,40,BigObjects,Texforms,3,
11_40.jpg,11,40,BigObjects,Texforms,4,
11_40.jpg,11,40,BigObjects,Texforms,3,
11_40.jpg,11,40,BigObjects,Texforms,3,
11_40.jpg,11,40,BigObjects,Texforms,4,
11_40.jpg,11,40,BigObjects,Texforms,3,
11_40.jpg,11,40,BigObjects,Texforms,4,
11_40.jpg,11,40,BigObjects,Texforms,1,
11_40.jpg,11,40,BigObjects,Texforms,1,
11_40.jpg,11,40,BigObjects,Texforms,2,
11_40.jpg,11,40,BigObjects,Texforms,4,
11_40.jpg,11,40,BigObjects,Texforms,5,
11_40.jpg,11,40,BigObjects,Texforms,3,
11_40.jpg,11,40,BigObjects,Texforms,3,
14_34.jpg,14,34,BigObjects,Texforms,3,
14_34.jpg,14,34,BigObjects,Texforms,3,
14_34.jpg,14,34,BigObjects,Texforms,2,
14_34.jpg,14,34,BigObjects,Texforms,2,
14_34.jpg,14,34,BigObjects,Texforms,4,
14_34.jpg,14,34,BigObjects,Texforms,1,
14_34.jpg,14,34,BigObjects,Texforms,3,
14_34.jpg,14,34,BigObjects,Texforms,3,
14_34.jpg,14,34,BigObjects,Texforms,3,
14_34.jpg,14,34,BigObjects,Texforms,3,
14_34.jpg,14,34,BigObjects,Texforms,2,
14_34.jpg,14,34,BigObjects,Texforms,1,
14_34.jpg,14,34,BigObjects,Texforms,1,
14_34.jpg,14,34,BigObjects,Texforms,3,
14_34.jpg,14,34,BigObjects,Texforms,3,
14_34.jpg,14,34,BigObjects,Texforms,3,
14_34.jpg,14,34,BigObjects,Texforms,3,
16_28.jpg,16,28,BigObjects,Texforms,3,
16_28.jpg,16,28,BigObjects,Texforms,3,
16_28.jpg,16,28,BigObjects,Texforms,2,
16_28.jpg,16,28,BigObjects,Texforms,2,
16_28.jpg,16,28,BigObjects,Texforms,2,
16_28.jpg,16,28,BigObjects,Texforms,2,
16_28.jpg,16,28,BigObjects,Texforms,3,
16_28.jpg,16,28,BigObjects,Texforms,3,
16_28.jpg,16,28,BigObjects,Texforms,3,
16_28.jpg,16,28,BigObjects,Texforms,4,
16_28.jpg,16,28,BigObjects,Texforms,1,
16_28.jpg,16,28,BigObjects,Texforms,3,
16_28.jpg,16,28,BigObjects,Texforms,1,
16_28.jpg,16,28,BigObjects,Texforms,2,
16_28.jpg,16,28,BigObjects,Texforms,3,
16_28.jpg,16,28,BigObjects,Texforms,4,
16_28.jpg,16,28,BigObjects,Texforms,2,
19_17.jpg,19,17,BigObjects,Texforms,4,
19_17.jpg,19,17,BigObjects,Texforms,3,
19_17.jpg,19,17,BigObjects,Texforms,4,
19_17.jpg,19,17,BigObjects,Texforms,4,
19_17.jpg,19,17,BigObjects,Texforms,5,
19_17.jpg,19,17,BigObjects,Texforms,3,
19_17.jpg,19,17,BigObjects,Texforms,3,
19_17.jpg,19,17,BigObjects,Texforms,5,
19_17.jpg,19,17,BigObjects,Texforms,4,
19_17.jpg,19,17,BigObjects,Texforms,4,
19_17.jpg,19,17,BigObjects,Texforms,4,
19_17.jpg,19,17,BigObjects,Texforms,4,
19_17.jpg,19,17,BigObjects,Texforms,5,
19_17.jpg,19,17,BigObjects,Texforms,4,
19_17.jpg,19,17,BigObjects,Texforms,2,
19_17.jpg,19,17,BigObjects,Texforms,4,
19_17.jpg,19,17,BigObjects,Texforms,4,
20_38.jpg,20,38,BigObjects,Texforms,3,
20_38.jpg,20,38,BigObjects,Texforms,1,
20_38.jpg,20,38,BigObjects,Texforms,1,
20_38.jpg,20,38,BigObjects,Texforms,2,
20_38.jpg,20,38,BigObjects,Texforms,2,
20_38.jpg,20,38,BigObjects,Texforms,2,
20_38.jpg,20,38,BigObjects,Texforms,3,
20_38.jpg,20,38,BigObjects,Texforms,4,
20_38.jpg,20,38,BigObjects,Texforms,2,
20_38.jpg,20,38,BigObjects,Texforms,3,
20_38.jpg,20,38,BigObjects,Texforms,1,
20_38.jpg,20,38,BigObjects,Texforms,1,
20_38.jpg,20,38,BigObjects,Texforms,2,
20_38.jpg,20,38,BigObjects,Texforms,2,
20_38.jpg,20,38,BigObjects,Texforms,3,
20_38.jpg,20,38,BigObjects,Texforms,4,
20_38.jpg,20,38,BigObjects,Texforms,3,
22_26.jpg,22,26,BigObjects,Texforms,5,
22_26.jpg,22,26,BigObjects,Texforms,5,
22_26.jpg,22,26,BigObjects,Texforms,5,
22_26.jpg,22,26,BigObjects,Texforms,4,
22_26.jpg,22,26,BigObjects,Texforms,5,
22_26.jpg,22,26,BigObjects,Texforms,3,
22_26.jpg,22,26,BigObjects,Texforms,3,
22_26.jpg,22,26,BigObjects,Texforms,5,
22_26.jpg,22,26,BigObjects,Texforms,4,
22_26.jpg,22,26,BigObjects,Texforms,4,
22_26.jpg,22,26,BigObjects,Texforms,5,
22_26.jpg,22,26,BigObjects,Texforms,4,
22_26.jpg,22,26,BigObjects,Texforms,4,
22_26.jpg,22,26,BigObjects,Texforms,4,
22_26.jpg,22,26,BigObjects,Texforms,5,
22_26.jpg,22,26,BigObjects,Texforms,3,
22_26.jpg,22,26,BigObjects,Texforms,3,
25_10.jpg,25,10,BigObjects,Texforms,5,
25_10.jpg,25,10,BigObjects,Texforms,5,
25_10.jpg,25,10,BigObjects,Texforms,5,
25_10.jpg,25,10,BigObjects,Texforms,4,
25_10.jpg,25,10,BigObjects,Texforms,4,
25_10.jpg,25,10,BigObjects,Texforms,4,
25_10.jpg,25,10,BigObjects,Texforms,3,
25_10.jpg,25,10,BigObjects,Texforms,5,
25_10.jpg,25,10,BigObjects,Texforms,4,
25_10.jpg,25,10,BigObjects,Texforms,4,
25_10.jpg,25,10,BigObjects,Texforms,4,
25_10.jpg,25,10,BigObjects,Texforms,5,
25_10.jpg,25,10,BigObjects,Texforms,5,
25_10.jpg,25,10,BigObjects,Texforms,4,
25_10.jpg,25,10,BigObjects,Texforms,5,
25_10.jpg,25,10,BigObjects,Texforms,5,
25_10.jpg,25,10,BigObjects,Texforms,4,
26_32.jpg,26,32,BigObjects,Texforms,3,
26_32.jpg,26,32,BigObjects,Texforms,1,
26_32.jpg,26,32,BigObjects,Texforms,5,
26_32.jpg,26,32,BigObjects,Texforms,4,
26_32.jpg,26,32,BigObjects,Texforms,4,
26_32.jpg,26,32,BigObjects,Texforms,2,
26_32.jpg,26,32,BigObjects,Texforms,3,
26_32.jpg,26,32,BigObjects,Texforms,5,
26_32.jpg,26,32,BigObjects,Texforms,4,
26_32.jpg,26,32,BigObjects,Texforms,3,
26_32.jpg,26,32,BigObjects,Texforms,4,
26_32.jpg,26,32,BigObjects,Texforms,4,
26_32.jpg,26,32,BigObjects,Texforms,3,
26_32.jpg,26,32,BigObjects,Texforms,4,
26_32.jpg,26,32,BigObjects,Texforms,3,
26_32.jpg,26,32,BigObjects,Texforms,3,
26_32.jpg,26,32,BigObjects,Texforms,3,
27_18.jpg,27,18,BigObjects,Texforms,5,
27_18.jpg,27,18,BigObjects,Texforms,1,
27_18.jpg,27,18,BigObjects,Texforms,4,
27_18.jpg,27,18,BigObjects,Texforms,4,
27_18.jpg,27,18,BigObjects,Texforms,2,
27_18.jpg,27,18,BigObjects,Texforms,4,
27_18.jpg,27,18,BigObjects,Texforms,3,
27_18.jpg,27,18,BigObjects,Texforms,5,
27_18.jpg,27,18,BigObjects,Texforms,5,
27_18.jpg,27,18,BigObjects,Texforms,4,
27_18.jpg,27,18,BigObjects,Texforms,3,
27_18.jpg,27,18,BigObjects,Texforms,4,
27_18.jpg,27,18,BigObjects,Texforms,5,
27_18.jpg,27,18,BigObjects,Texforms,4,
27_18.jpg,27,18,BigObjects,Texforms,5,
27_18.jpg,27,18,BigObjects,Texforms,3,
27_18.jpg,27,18,BigObjects,Texforms,4,
29_03.jpg,29,3,BigObjects,Texforms,5,
29_03.jpg,29,3,BigObjects,Texforms,3,
29_03.jpg,29,3,BigObjects,Texforms,4,
29_03.jpg,29,3,BigObjects,Texforms,4,
29_03.jpg,29,3,BigObjects,Texforms,4,
29_03.jpg,29,3,BigObjects,Texforms,3,
29_03.jpg,29,3,BigObjects,Texforms,3,
29_03.jpg,29,3,BigObjects,Texforms,5,
29_03.jpg,29,3,BigObjects,Texforms,4,
29_03.jpg,29,3,BigObjects,Texforms,5,
29_03.jpg,29,3,BigObjects,Texforms,4,
29_03.jpg,29,3,BigObjects,Texforms,5,
29_03.jpg,29,3,BigObjects,Texforms,5,
29_03.jpg,29,3,BigObjects,Texforms,4,
29_03.jpg,29,3,BigObjects,Texforms,4,
29_03.jpg,29,3,BigObjects,Texforms,4,
29_03.jpg,29,3,BigObjects,Texforms,4,
30_20.jpg,30,20,BigObjects,Texforms,5,
30_20.jpg,30,20,BigObjects,Texforms,4,
30_20.jpg,30,20,BigObjects,Texforms,4,
30_20.jpg,30,20,BigObjects,Texforms,4,
30_20.jpg,30,20,BigObjects,Texforms,4,
30_20.jpg,30,20,BigObjects,Texforms,3,
30_20.jpg,30,20,BigObjects,Texforms,3,
30_20.jpg,30,20,BigObjects,Texforms,5,
30_20.jpg,30,20,BigObjects,Texforms,5,
30_20.jpg,30,20,BigObjects,Texforms,5,
30_20.jpg,30,20,BigObjects,Texforms,4,
30_20.jpg,30,20,BigObjects,Texforms,4,
30_20.jpg,30,20,BigObjects,Texforms,5,
30_20.jpg,30,20,BigObjects,Texforms,4,
30_20.jpg,30,20,BigObjects,Texforms,4,
30_20.jpg,30,20,BigObjects,Texforms,5,
30_20.jpg,30,20,BigObjects,Texforms,4,
02_44.jpg,2,44,SmallObjects,Texforms,3,
02_44.jpg,2,44,SmallObjects,Texforms,1,
02_44.jpg,2,44,SmallObjects,Texforms,4,
02_44.jpg,2,44,SmallObjects,Texforms,2,
02_44.jpg,2,44,SmallObjects,Texforms,2,
02_44.jpg,2,44,SmallObjects,Texforms,2,
02_44.jpg,2,44,SmallObjects,Texforms,3,
02_44.jpg,2,44,SmallObjects,Texforms,2,
02_44.jpg,2,44,SmallObjects,Texforms,4,
02_44.jpg,2,44,SmallObjects,Texforms,2,
02_44.jpg,2,44,SmallObjects,Texforms,1,
02_44.jpg,2,44,SmallObjects,Texforms,1,
02_44.jpg,2,44,SmallObjects,Texforms,1,
02_44.jpg,2,44,SmallObjects,Texforms,2,
02_44.jpg,2,44,SmallObjects,Texforms,2,
02_44.jpg,2,44,SmallObjects,Texforms,4,
02_44.jpg,2,44,SmallObjects,Texforms,2,
05_54.jpg,5,54,SmallObjects,Texforms,3,
05_54.jpg,5,54,SmallObjects,Texforms,3,
05_54.jpg,5,54,SmallObjects,Texforms,3,
05_54.jpg,5,54,SmallObjects,Texforms,4,
05_54.jpg,5,54,SmallObjects,Texforms,1,
05_54.jpg,5,54,SmallObjects,Texforms,1,
05_54.jpg,5,54,SmallObjects,Texforms,2,
05_54.jpg,5,54,SmallObjects,Texforms,3,
05_54.jpg,5,54,SmallObjects,Texforms,3,
05_54.jpg,5,54,SmallObjects,Texforms,1,
05_54.jpg,5,54,SmallObjects,Texforms,1,
05_54.jpg,5,54,SmallObjects,Texforms,2,
05_54.jpg,5,54,SmallObjects,Texforms,4,
05_54.jpg,5,54,SmallObjects,Texforms,2,
05_54.jpg,5,54,SmallObjects,Texforms,2,
05_54.jpg,5,54,SmallObjects,Texforms,3,
05_54.jpg,5,54,SmallObjects,Texforms,3,
08_45.jpg,8,45,SmallObjects,Texforms,3,
08_45.jpg,8,45,SmallObjects,Texforms,1,
08_45.jpg,8,45,SmallObjects,Texforms,2,
08_45.jpg,8,45,SmallObjects,Texforms,2,
08_45.jpg,8,45,SmallObjects,Texforms,2,
08_45.jpg,8,45,SmallObjects,Texforms,1,
08_45.jpg,8,45,SmallObjects,Texforms,4,
08_45.jpg,8,45,SmallObjects,Texforms,2,
08_45.jpg,8,45,SmallObjects,Texforms,3,
08_45.jpg,8,45,SmallObjects,Texforms,2,
08_45.jpg,8,45,SmallObjects,Texforms,1,
08_45.jpg,8,45,SmallObjects,Texforms,4,
08_45.jpg,8,45,SmallObjects,Texforms,1,
08_45.jpg,8,45,SmallObjects,Texforms,2,
08_45.jpg,8,45,SmallObjects,Texforms,2,
08_45.jpg,8,45,SmallObjects,Texforms,4,
08_45.jpg,8,45,SmallObjects,Texforms,2,
09_64.jpg,9,64,SmallObjects,Texforms,2,
09_64.jpg,9,64,SmallObjects,Texforms,4,
09_64.jpg,9,64,SmallObjects,Texforms,2,
09_64.jpg,9,64,SmallObjects,Texforms,4,
09_64.jpg,9,64,SmallObjects,Texforms,1,
09_64.jpg,9,64,SmallObjects,Texforms,2,
09_64.jpg,9,64,SmallObjects,Texforms,2,
09_64.jpg,9,64,SmallObjects,Texforms,1,
09_64.jpg,9,64,SmallObjects,Texforms,2,
09_64.jpg,9,64,SmallObjects,Texforms,1,
09_64.jpg,9,64,SmallObjects,Texforms,2,
09_64.jpg,9,64,SmallObjects,Texforms,4,
09_64.jpg,9,64,SmallObjects,Texforms,4,
09_64.jpg,9,64,SmallObjects,Texforms,2,
09_64.jpg,9,64,SmallObjects,Texforms,4,
09_64.jpg,9,64,SmallObjects,Texforms,2,
09_64.jpg,9,64,SmallObjects,Texforms,2,
11_71.jpg,11,71,SmallObjects,Texforms,4,
11_71.jpg,11,71,SmallObjects,Texforms,1,
11_71.jpg,11,71,SmallObjects,Texforms,2,
11_71.jpg,11,71,SmallObjects,Texforms,2,
11_71.jpg,11,71,SmallObjects,Texforms,3,
11_71.jpg,11,71,SmallObjects,Texforms,1,
11_71.jpg,11,71,SmallObjects,Texforms,4,
11_71.jpg,11,71,SmallObjects,Texforms,3,
11_71.jpg,11,71,SmallObjects,Texforms,3,
11_71.jpg,11,71,SmallObjects,Texforms,3,
11_71.jpg,11,71,SmallObjects,Texforms,2,
11_71.jpg,11,71,SmallObjects,Texforms,3,
11_71.jpg,11,71,SmallObjects,Texforms,2,
11_71.jpg,11,71,SmallObjects,Texforms,2,
11_71.jpg,11,71,SmallObjects,Texforms,3,
11_71.jpg,11,71,SmallObjects,Texforms,2,
11_71.jpg,11,71,SmallObjects,Texforms,2,
14_67.jpg,14,67,SmallObjects,Texforms,4,
14_67.jpg,14,67,SmallObjects,Texforms,1,
14_67.jpg,14,67,SmallObjects,Texforms,2,
14_67.jpg,14,67,SmallObjects,Texforms,2,
14_67.jpg,14,67,SmallObjects,Texforms,2,
14_67.jpg,14,67,SmallObjects,Texforms,2,
14_67.jpg,14,67,SmallObjects,Texforms,1,
14_67.jpg,14,67,SmallObjects,Texforms,2,
14_67.jpg,14,67,SmallObjects,Texforms,3,
14_67.jpg,14,67,SmallObjects,Texforms,2,
14_67.jpg,14,67,SmallObjects,Texforms,3,
14_67.jpg,14,67,SmallObjects,Texforms,4,
14_67.jpg,14,67,SmallObjects,Texforms,3,
14_67.jpg,14,67,SmallObjects,Texforms,2,
14_67.jpg,14,67,SmallObjects,Texforms,3,
14_67.jpg,14,67,SmallObjects,Texforms,3,
14_67.jpg,14,67,SmallObjects,Texforms,2,
16_73.jpg,16,73,SmallObjects,Texforms,1,
16_73.jpg,16,73,SmallObjects,Texforms,1,
16_73.jpg,16,73,SmallObjects,Texforms,2,
16_73.jpg,16,73,SmallObjects,Texforms,2,
16_73.jpg,16,73,SmallObjects,Texforms,2,
16_73.jpg,16,73,SmallObjects,Texforms,1,
16_73.jpg,16,73,SmallObjects,Texforms,3,
16_73.jpg,16,73,SmallObjects,Texforms,2,
16_73.jpg,16,73,SmallObjects,Texforms,2,
16_73.jpg,16,73,SmallObjects,Texforms,2,
16_73.jpg,16,73,SmallObjects,Texforms,1,
16_73.jpg,16,73,SmallObjects,Texforms,1,
16_73.jpg,16,73,SmallObjects,Texforms,1,
16_73.jpg,16,73,SmallObjects,Texforms,2,
16_73.jpg,16,73,SmallObjects,Texforms,2,
16_73.jpg,16,73,SmallObjects,Texforms,3,
16_73.jpg,16,73,SmallObjects,Texforms,1,
19_41.jpg,19,41,SmallObjects,Texforms,2,
19_41.jpg,19,41,SmallObjects,Texforms,1,
19_41.jpg,19,41,SmallObjects,Texforms,4,
19_41.jpg,19,41,SmallObjects,Texforms,2,
19_41.jpg,19,41,SmallObjects,Texforms,2,
19_41.jpg,19,41,SmallObjects,Texforms,1,
19_41.jpg,19,41,SmallObjects,Texforms,3,
19_41.jpg,19,41,SmallObjects,Texforms,4,
19_41.jpg,19,41,SmallObjects,Texforms,2,
19_41.jpg,19,41,SmallObjects,Texforms,1,
19_41.jpg,19,41,SmallObjects,Texforms,1,
19_41.jpg,19,41,SmallObjects,Texforms,2,
19_41.jpg,19,41,SmallObjects,Texforms,1,
19_41.jpg,19,41,SmallObjects,Texforms,2,
19_41.jpg,19,41,SmallObjects,Texforms,1,
19_41.jpg,19,41,SmallObjects,Texforms,4,
19_41.jpg,19,41,SmallObjects,Texforms,2,
20_79.jpg,20,79,SmallObjects,Texforms,1,
20_79.jpg,20,79,SmallObjects,Texforms,1,
20_79.jpg,20,79,SmallObjects,Texforms,2,
20_79.jpg,20,79,SmallObjects,Texforms,2,
20_79.jpg,20,79,SmallObjects,Texforms,2,
20_79.jpg,20,79,SmallObjects,Texforms,2,
20_79.jpg,20,79,SmallObjects,Texforms,2,
20_79.jpg,20,79,SmallObjects,Texforms,4,
20_79.jpg,20,79,SmallObjects,Texforms,1,
20_79.jpg,20,79,SmallObjects,Texforms,1,
20_79.jpg,20,79,SmallObjects,Texforms,1,
20_79.jpg,20,79,SmallObjects,Texforms,1,
20_79.jpg,20,79,SmallObjects,Texforms,1,
20_79.jpg,20,79,SmallObjects,Texforms,2,
20_79.jpg,20,79,SmallObjects,Texforms,2,
20_79.jpg,20,79,SmallObjects,Texforms,3,
20_79.jpg,20,79,SmallObjects,Texforms,1,
22_65.jpg,22,65,SmallObjects,Texforms,1,
22_65.jpg,22,65,SmallObjects,Texforms,1,
22_65.jpg,22,65,SmallObjects,Texforms,2,
22_65.jpg,22,65,SmallObjects,Texforms,3,
22_65.jpg,22,65,SmallObjects,Texforms,1,
22_65.jpg,22,65,SmallObjects,Texforms,2,
22_65.jpg,22,65,SmallObjects,Texforms,3,
22_65.jpg,22,65,SmallObjects,Texforms,2,
22_65.jpg,22,65,SmallObjects,Texforms,1,
22_65.jpg,22,65,SmallObjects,Texforms,2,
22_65.jpg,22,65,SmallObjects,Texforms,1,
22_65.jpg,22,65,SmallObjects,Texforms,1,
22_65.jpg,22,65,SmallObjects,Texforms,1,
22_65.jpg,22,65,SmallObjects,Texforms,2,
22_65.jpg,22,65,SmallObjects,Texforms,1,
22_65.jpg,22,65,SmallObjects,Texforms,3,
22_65.jpg,22,65,SmallObjects,Texforms,1,
25_56.jpg,25,56,SmallObjects,Texforms,2,
25_56.jpg,25,56,SmallObjects,Texforms,1,
25_56.jpg,25,56,SmallObjects,Texforms,2,
25_56.jpg,25,56,SmallObjects,Texforms,2,
25_56.jpg,25,56,SmallObjects,Texforms,2,
25_56.jpg,25,56,SmallObjects,Texforms,3,
25_56.jpg,25,56,SmallObjects,Texforms,3,
25_56.jpg,25,56,SmallObjects,Texforms,4,
25_56.jpg,25,56,SmallObjects,Texforms,3,
25_56.jpg,25,56,SmallObjects,Texforms,1,
25_56.jpg,25,56,SmallObjects,Texforms,1,
25_56.jpg,25,56,SmallObjects,Texforms,2,
25_56.jpg,25,56,SmallObjects,Texforms,3,
25_56.jpg,25,56,SmallObjects,Texforms,2,
25_56.jpg,25,56,SmallObjects,Texforms,3,
25_56.jpg,25,56,SmallObjects,Texforms,3,
25_56.jpg,25,56,SmallObjects,Texforms,1,
26_42.jpg,26,42,SmallObjects,Texforms,1,
26_42.jpg,26,42,SmallObjects,Texforms,1,
26_42.jpg,26,42,SmallObjects,Texforms,2,
26_42.jpg,26,42,SmallObjects,Texforms,2,
26_42.jpg,26,42,SmallObjects,Texforms,1,
26_42.jpg,26,42,SmallObjects,Texforms,1,
26_42.jpg,26,42,SmallObjects,Texforms,2,
26_42.jpg,26,42,SmallObjects,Texforms,2,
26_42.jpg,26,42,SmallObjects,Texforms,1,
26_42.jpg,26,42,SmallObjects,Texforms,1,
26_42.jpg,26,42,SmallObjects,Texforms,1,
26_42.jpg,26,42,SmallObjects,Texforms,2,
26_42.jpg,26,42,SmallObjects,Texforms,1,
26_42.jpg,26,42,SmallObjects,Texforms,2,
26_42.jpg,26,42,SmallObjects,Texforms,1,
26_42.jpg,26,42,SmallObjects,Texforms,3,
26_42.jpg,26,42,SmallObjects,Texforms,1,
27_63.jpg,27,63,SmallObjects,Texforms,2,
27_63.jpg,27,63,SmallObjects,Texforms,2,
27_63.jpg,27,63,SmallObjects,Texforms,1,
27_63.jpg,27,63,SmallObjects,Texforms,2,
27_63.jpg,27,63,SmallObjects,Texforms,4,
27_63.jpg,27,63,SmallObjects,Texforms,1,
27_63.jpg,27,63,SmallObjects,Texforms,3,
27_63.jpg,27,63,SmallObjects,Texforms,2,
27_63.jpg,27,63,SmallObjects,Texforms,2,
27_63.jpg,27,63,SmallObjects,Texforms,3,
27_63.jpg,27,63,SmallObjects,Texforms,3,
27_63.jpg,27,63,SmallObjects,Texforms,2,
27_63.jpg,27,63,SmallObjects,Texforms,1,
27_63.jpg,27,63,SmallObjects,Texforms,2,
27_63.jpg,27,63,SmallObjects,Texforms,5,
27_63.jpg,27,63,SmallObjects,Texforms,4,
27_63.jpg,27,63,SmallObjects,Texforms,2,
29_69.jpg,29,69,SmallObjects,Texforms,1,
29_69.jpg,29,69,SmallObjects,Texforms,1,
29_69.jpg,29,69,SmallObjects,Texforms,2,
29_69.jpg,29,69,SmallObjects,Texforms,4,
29_69.jpg,29,69,SmallObjects,Texforms,1,
29_69.jpg,29,69,SmallObjects,Texforms,1,
29_69.jpg,29,69,SmallObjects,Texforms,3,
29_69.jpg,29,69,SmallObjects,Texforms,2,
29_69.jpg,29,69,SmallObjects,Texforms,2,
29_69.jpg,29,69,SmallObjects,Texforms,1,
29_69.jpg,29,69,SmallObjects,Texforms,1,
29_69.jpg,29,69,SmallObjects,Texforms,1,
29_69.jpg,29,69,SmallObjects,Texforms,1,
29_69.jpg,29,69,SmallObjects,Texforms,2,
29_69.jpg,29,69,SmallObjects,Texforms,1,
29_69.jpg,29,69,SmallObjects,Texforms,3,
29_69.jpg,29,69,SmallObjects,Texforms,1,
30_50.jpg,30,50,SmallObjects,Texforms,2,
30_50.jpg,30,50,SmallObjects,Texforms,1,
30_50.jpg,30,50,SmallObjects,Texforms,2,
30_50.jpg,30,50,SmallObjects,Texforms,2,
30_50.jpg,30,50,SmallObjects,Texforms,2,
30_50.jpg,30,50,SmallObjects,Texforms,1,
30_50.jpg,30,50,SmallObjects,Texforms,3,
30_50.jpg,30,50,SmallObjects,Texforms,2,
30_50.jpg,30,50,SmallObjects,Texforms,2,
30_50.jpg,30,50,SmallObjects,Texforms,1,
30_50.jpg,30,50,SmallObjects,Texforms,1,
30_50.jpg,30,50,SmallObjects,Texforms,2,
30_50.jpg,30,50,SmallObjects,Texforms,1,
30_50.jpg,30,50,SmallObjects,Texforms,2,
30_50.jpg,30,50,SmallObjects,Texforms,2,
30_50.jpg,30,50,SmallObjects,Texforms,4,
30_50.jpg,30,50,SmallObjects,Texforms,2,
